id,case_id,provider,engine,query,scenario,default_mode,measurement,status,raw_count,kept_count,candidate_count,variant_candidate_count,first_candidate_rank,duplicate_count,seconds,first_result_seconds,repeat,page,nyaa_category
anime-01::Apibay::0::::0,anime-01,anime,Apibay,Saki,short,off,live,empty,0,0,0,0,,0,1.062,,0,,
anime-01::Knaben::0::::0,anime-01,anime,Knaben,Saki,short,auto,live,results,50,50,0,0,,0,0.828,0.828,0,,
anime-01::Knaben::0::::3,anime-01,anime,Knaben,Saki,short,auto,live,results,50,50,0,0,,0,0.812,0.812,3,,
anime-01::Knaben::2::::3,anime-01,anime,Knaben,Saki,short,auto,live,results,50,50,0,0,,0,0.844,0.844,3,2,
anime-01::Knaben::3::::3,anime-01,anime,Knaben,Saki,short,auto,live,results,50,50,1,1,1,0,0.953,0.953,3,3,
anime-01::Nyaa::0::1_0::3,anime-01,anime,Nyaa,Saki,short,on,live,results,150,150,47,47,1,0,1.938,1.938,3,,1_0
anime-01::Nyaa::0::1_3::3,anime-01,anime,Nyaa,Saki,short,on,live,results,150,123,50,50,1,27,1.765,1.765,3,,1_3
anime-01::Nyaa::0::1_4::3,anime-01,anime,Nyaa,Saki,short,on,live,results,150,150,56,56,1,0,2.063,2.063,3,,1_4
anime-01::Nyaa::0::::0,anime-01,anime,Nyaa,Saki,short,on,live,results,150,150,42,42,1,0,1.875,1.875,0,,
anime-01::Nyaa::0::::3,anime-01,anime,Nyaa,Saki,short,on,live,results,150,150,41,41,1,0,1.812,1.812,3,,
anime-01::Nyaa::2::::3,anime-01,anime,Nyaa,Saki,short,on,live,results,75,75,0,0,,0,0.875,0.875,3,2,
anime-01::Nyaa::3::::3,anime-01,anime,Nyaa,Saki,short,on,live,results,75,75,14,14,61,0,0.984,0.984,3,3,
anime-01::SolidTorrents::0::::0,anime-01,anime,SolidTorrents,Saki,short,off,live,results,20,20,19,19,1,0,2.047,2.047,0,,
anime-02::Apibay::0::::0,anime-02,anime,Apibay,Naruto,popular,off,live,results,84,84,55,55,1,0,1.016,1.016,0,,
anime-02::Knaben::0::::0,anime-02,anime,Knaben,Naruto,popular,auto,live,results,50,50,39,39,1,0,0.969,0.969,0,,
anime-02::Nyaa::0::1_0::3,anime-02,anime,Nyaa,Naruto,popular,on,live,results,75,75,62,62,1,0,1.031,1.031,3,,1_0
anime-02::Nyaa::0::1_3::3,anime-02,anime,Nyaa,Naruto,popular,on,live,results,75,75,63,63,1,0,0.922,0.922,3,,1_3
anime-02::Nyaa::0::1_4::3,anime-02,anime,Nyaa,Naruto,popular,on,live,results,75,75,39,39,1,0,0.953,0.953,3,,1_4
anime-02::Nyaa::0::::0,anime-02,anime,Nyaa,Naruto,popular,on,live,results,75,75,26,26,1,0,1.188,1.188,0,,
anime-02::SolidTorrents::0::::0,anime-02,anime,SolidTorrents,Naruto,popular,off,live,results,20,20,12,12,1,0,1.828,1.828,0,,
anime-03::Apibay::0::::0,anime-03,anime,Apibay,One Piece,popular,off,live,results,87,87,86,86,1,0,2.687,2.687,0,,
anime-03::Knaben::0::::0,anime-03,anime,Knaben,One Piece,popular,auto,live,results,39,39,39,39,1,0,0.969,0.969,0,,
anime-03::Nyaa::0::::0,anime-03,anime,Nyaa,One Piece,popular,on,live,results,75,75,75,75,1,0,1.266,1.266,0,,
anime-03::SolidTorrents::0::::0,anime-03,anime,SolidTorrents,One Piece,popular,off,live,results,20,20,20,20,1,0,2.078,2.078,0,,
anime-04::Apibay::0::::0,anime-04,anime,Apibay,Attack on Titan,popular,off,live,results,98,98,98,98,1,0,0.375,0.375,0,,
anime-04::Knaben::0::::0,anime-04,anime,Knaben,Attack on Titan,popular,auto,live,results,46,46,46,46,1,0,1.297,1.297,0,,
anime-04::Nyaa::0::::0,anime-04,anime,Nyaa,Attack on Titan,popular,on,live,results,75,75,75,75,1,0,1.172,1.172,0,,
anime-04::SolidTorrents::0::::0,anime-04,anime,SolidTorrents,Attack on Titan,popular,,not_run,unknown_circuit_open,0,0,,,,,,,0,,
anime-05::Apibay::0::::0,anime-05,anime,Apibay,Death Note,popular,off,live,results,63,63,62,62,1,0,0.703,0.703,0,,
anime-05::Knaben::0::::0,anime-05,anime,Knaben,Death Note,popular,auto,live,results,50,50,50,50,1,0,1.266,1.266,0,,
anime-05::Nyaa::0::::0,anime-05,anime,Nyaa,Death Note,popular,on,live,results,75,75,75,75,1,0,1.297,1.297,0,,
anime-05::SolidTorrents::0::::0,anime-05,anime,SolidTorrents,Death Note,popular,,not_run,unknown_circuit_open,0,0,,,,,,,0,,
anime-06::Apibay::0::::0,anime-06,anime,Apibay,Frieren Beyond Journey's End,recent,off,live,empty,0,0,0,0,,0,8.562,,0,,
anime-06::Knaben::0::::0,anime-06,anime,Knaben,Frieren Beyond Journey's End,recent,auto,live,results,50,50,50,50,1,0,1.265,1.265,0,,
anime-06::Nyaa::0::::0,anime-06,anime,Nyaa,Frieren Beyond Journey's End,recent,on,live,results,75,75,75,75,1,0,1.312,1.312,0,,
anime-06::SolidTorrents::0::::0,anime-06,anime,SolidTorrents,Frieren Beyond Journey's End,recent,,not_run,unknown_circuit_open,0,0,,,,,,,0,,
anime-07::Apibay::0::::0,anime-07,anime,Apibay,Dungeon Meshi,recent,off,live,results,62,62,28,28,1,0,5.5,5.5,0,,
anime-07::Knaben::0::::0,anime-07,anime,Knaben,Dungeon Meshi,recent,auto,live,results,50,50,50,50,1,0,1.265,1.265,0,,
anime-07::Nyaa::0::::0,anime-07,anime,Nyaa,Dungeon Meshi,recent,on,live,results,75,75,71,71,1,0,1.328,1.328,0,,
anime-07::SolidTorrents::0::::0,anime-07,anime,SolidTorrents,Dungeon Meshi,recent,,not_run,unknown_circuit_open,0,0,,,,,,,0,,
anime-08::Apibay::0::::0,anime-08,anime,Apibay,Oshi no Ko,recent,off,live,empty,0,0,0,0,,0,8.578,,0,,
anime-08::Knaben::0::::0,anime-08,anime,Knaben,Oshi no Ko,recent,auto,live,results,49,49,48,48,1,0,1.25,1.25,0,,
anime-08::Nyaa::0::::0,anime-08,anime,Nyaa,Oshi no Ko,recent,on,live,results,75,75,75,75,1,0,1.282,1.282,0,,
anime-08::SolidTorrents::0::::0,anime-08,anime,SolidTorrents,Oshi no Ko,recent,,not_run,unknown_circuit_open,0,0,,,,,,,0,,
anime-09::Apibay::0::::0,anime-09,anime,Apibay,Pluto,short,off,live,empty,0,0,0,0,,0,2.563,,0,,
anime-09::Knaben::0::::0,anime-09,anime,Knaben,Pluto,short,auto,live,results,36,36,33,33,1,0,1.25,1.25,0,,
anime-09::Nyaa::0::::0,anime-09,anime,Nyaa,Pluto,short,on,live,results,15,15,14,14,1,0,1.109,1.109,0,,
anime-09::SolidTorrents::0::::0,anime-09,anime,SolidTorrents,Pluto,short,,not_run,unknown_circuit_open,0,0,,,,,,,0,,
anime-10::Apibay::0::::0,anime-10,anime,Apibay,Monster,ambiguous,off,live,results,67,67,67,67,1,0,0.157,0.157,0,,
anime-10::Knaben::0::::0,anime-10,anime,Knaben,Monster,ambiguous,auto,live,results,44,44,8,8,1,0,1.5,1.5,0,,
anime-10::Nyaa::0::::0,anime-10,anime,Nyaa,Monster,ambiguous,on,live,results,75,75,57,57,1,0,1.312,1.312,0,,
anime-10::SolidTorrents::0::::0,anime-10,anime,SolidTorrents,Monster,ambiguous,,not_run,unknown_circuit_open,0,0,,,,,,,0,,
anime-11::Apibay::0::::0,anime-11,anime,Apibay,Mushishi,niche,off,live,results,41,41,40,40,1,0,1.438,1.438,0,,
anime-11::Knaben::0::::0,anime-11,anime,Knaben,Mushishi,niche,auto,live,results,50,50,50,50,1,0,1.5,1.5,0,,
anime-11::Nyaa::0::::0,anime-11,anime,Nyaa,Mushishi,niche,on,live,results,75,75,74,74,1,0,1.266,1.266,0,,
anime-11::SolidTorrents::0::::0,anime-11,anime,SolidTorrents,Mushishi,niche,,not_run,unknown_circuit_open,0,0,,,,,,,0,,
anime-12::Apibay::0::::0,anime-12,anime,Apibay,Haibane Renmei,niche,off,live,empty,0,0,0,0,,0,7.062,,0,,
anime-12::Knaben::0::::0,anime-12,anime,Knaben,Haibane Renmei,niche,auto,live,results,50,50,45,45,1,0,1.25,1.25,0,,
anime-12::Nyaa::0::::0,anime-12,anime,Nyaa,Haibane Renmei,niche,on,live,results,31,31,28,28,1,0,1.39,1.39,0,,
anime-12::SolidTorrents::0::::0,anime-12,anime,SolidTorrents,Haibane Renmei,niche,,not_run,unknown_circuit_open,0,0,,,,,,,0,,
anime-13::Apibay::0::::0,anime-13,anime,Apibay,Texhnolyze,niche,off,live,empty,0,0,0,0,,0,2.047,,0,,
anime-13::Knaben::0::::0,anime-13,anime,Knaben,Texhnolyze,niche,auto,live,results,43,43,35,35,1,0,1.515,1.515,0,,
anime-13::Nyaa::0::::0,anime-13,anime,Nyaa,Texhnolyze,niche,on,live,results,18,18,18,18,1,0,1.047,1.047,0,,
anime-13::SolidTorrents::0::::0,anime-13,anime,SolidTorrents,Texhnolyze,niche,,not_run,unknown_circuit_open,0,0,,,,,,,0,,
anime-14::Apibay::0::::0,anime-14,anime,Apibay,Kaiba,short,off,live,empty,0,0,0,0,,0,2.032,,0,,
anime-14::Knaben::0::::0,anime-14,anime,Knaben,Kaiba,short,auto,live,results,6,6,5,5,1,0,0.469,0.469,0,,
anime-14::Nyaa::0::::0,anime-14,anime,Nyaa,Kaiba,short,on,live,results,27,27,27,27,1,0,1.36,1.36,0,,
anime-14::SolidTorrents::0::::0,anime-14,anime,SolidTorrents,Kaiba,short,,not_run,unknown_circuit_open,0,0,,,,,,,0,,
anime-15::Apibay::0::::0,anime-15,anime,Apibay,Dennou Coil,niche,off,live,empty,0,0,0,0,,0,6.0,,0,,
anime-15::Knaben::0::::0,anime-15,anime,Knaben,Dennou Coil,niche,auto,live,results,11,11,9,9,1,0,0.75,0.75,0,,
anime-15::Nyaa::0::::0,anime-15,anime,Nyaa,Dennou Coil,niche,on,live,results,24,24,20,20,1,0,1.125,1.125,0,,
anime-15::SolidTorrents::0::::0,anime-15,anime,SolidTorrents,Dennou Coil,niche,,not_run,unknown_circuit_open,0,0,,,,,,,0,,
anime-16::Apibay::0::::0,anime-16,anime,Apibay,Serial Experiments Lain,old,off,live,empty,0,0,0,0,,0,6.562,,0,,
anime-16::Knaben::0::::0,anime-16,anime,Knaben,Serial Experiments Lain,old,auto,live,results,46,46,43,43,1,0,1.0,1.0,0,,
anime-16::Nyaa::0::::0,anime-16,anime,Nyaa,Serial Experiments Lain,old,on,live,results,56,56,52,52,1,0,1.313,1.313,0,,
anime-16::SolidTorrents::0::::0,anime-16,anime,SolidTorrents,Serial Experiments Lain,old,,not_run,unknown_circuit_open,0,0,,,,,,,0,,
anime-17::Apibay::0::::0,anime-17,anime,Apibay,Revolutionary Girl Utena,old,off,live,empty,0,0,0,0,,0,6.078,,0,,
anime-17::Knaben::0::::0,anime-17,anime,Knaben,Revolutionary Girl Utena,old,auto,live,results,50,50,50,50,1,0,1.015,1.015,0,,
anime-17::Nyaa::0::::0,anime-17,anime,Nyaa,Revolutionary Girl Utena,old,on,live,results,52,52,52,52,1,0,1.25,1.25,0,,
anime-17::SolidTorrents::0::::0,anime-17,anime,SolidTorrents,Revolutionary Girl Utena,old,,not_run,unknown_circuit_open,0,0,,,,,,,0,,
anime-18::Apibay::0::::0,anime-18,anime,Apibay,Neon Genesis Evangelion,old,off,live,results,84,84,39,39,1,0,4.5,4.5,0,,
anime-18::Knaben::0::::0,anime-18,anime,Knaben,Neon Genesis Evangelion,old,auto,live,results,50,50,49,49,1,0,1.515,1.515,0,,
anime-18::Nyaa::0::::0,anime-18,anime,Nyaa,Neon Genesis Evangelion,old,on,live,results,75,75,72,72,1,0,1.484,1.484,0,,
anime-18::SolidTorrents::0::::0,anime-18,anime,SolidTorrents,Neon Genesis Evangelion,old,,not_run,unknown_circuit_open,0,0,,,,,,,0,,
anime-19::Apibay::0::::0,anime-19,anime,Apibay,Cowboy Bebop,old,off,live,empty,0,0,0,0,,0,6.0,,0,,
anime-19::Knaben::0::::0,anime-19,anime,Knaben,Cowboy Bebop,old,auto,live,results,49,49,48,48,1,0,1.015,1.015,0,,
anime-19::Nyaa::0::::0,anime-19,anime,Nyaa,Cowboy Bebop,old,on,live,results,75,75,74,74,1,0,1.359,1.359,0,,
anime-19::SolidTorrents::0::::0,anime-19,anime,SolidTorrents,Cowboy Bebop,old,,not_run,unknown_circuit_open,0,0,,,,,,,0,,
anime-20::Apibay::0::::0,anime-20,anime,Apibay,Legend of the Galactic Heroes,old,off,live,empty,0,0,0,0,,0,8.015,,0,,
anime-20::Knaben::0::::0,anime-20,anime,Knaben,Legend of the Galactic Heroes,old,auto,live,results,50,50,49,49,1,0,1.296,1.296,0,,
anime-20::Nyaa::0::::0,anime-20,anime,Nyaa,Legend of the Galactic Heroes,old,on,live,results,75,75,75,75,1,0,1.297,1.297,0,,
anime-20::SolidTorrents::0::::0,anime-20,anime,SolidTorrents,Legend of the Galactic Heroes,old,,not_run,unknown_circuit_open,0,0,,,,,,,0,,
anime-21::Apibay::0::::0,anime-21,anime,Apibay,Saki Achiga-hen,sequel,off,live,empty,0,0,0,0,,0,8.0,,0,,
anime-21::Knaben::0::::0,anime-21,anime,Knaben,Saki Achiga-hen,sequel,auto,live,results,12,12,12,12,1,0,1.219,1.219,0,,
anime-21::Nyaa::0::::0,anime-21,anime,Nyaa,Saki Achiga-hen,sequel,on,live,results,37,37,37,37,1,0,1.141,1.141,0,,
anime-21::SolidTorrents::0::::0,anime-21,anime,SolidTorrents,Saki Achiga-hen,sequel,,not_run,unknown_circuit_open,0,0,,,,,,,0,,
anime-22::Apibay::0::::0,anime-22,anime,Apibay,Saki Zenkoku-hen,sequel,off,live,empty,0,0,0,0,,0,8.563,,0,,
anime-22::Knaben::0::::0,anime-22,anime,Knaben,Saki Zenkoku-hen,sequel,auto,live,results,5,5,5,5,1,0,0.515,0.515,0,,
anime-22::Nyaa::0::::0,anime-22,anime,Nyaa,Saki Zenkoku-hen,sequel,on,live,results,38,38,38,38,1,0,0.844,0.844,0,,
anime-22::SolidTorrents::0::::0,anime-22,anime,SolidTorrents,Saki Zenkoku-hen,sequel,,not_run,unknown_circuit_open,0,0,,,,,,,0,,
anime-23::Apibay::0::::0,anime-23,anime,Apibay,Akagi,topic_mahjong,off,live,empty,0,0,0,0,,0,2.0,,0,,
anime-23::Knaben::0::::0,anime-23,anime,Knaben,Akagi,topic_mahjong,auto,live,results,14,14,7,7,1,0,1.016,1.016,0,,
anime-23::Nyaa::0::::0,anime-23,anime,Nyaa,Akagi,topic_mahjong,on,live,results,10,10,9,9,1,0,0.703,0.703,0,,
anime-23::SolidTorrents::0::::0,anime-23,anime,SolidTorrents,Akagi,topic_mahjong,,not_run,unknown_circuit_open,0,0,,,,,,,0,,
anime-24::Apibay::0::::0,anime-24,anime,Apibay,Steins Gate,punctuation,off,live,empty,0,0,0,0,,0,6.829,,0,,
anime-24::Knaben::0::::0,anime-24,anime,Knaben,Steins Gate,punctuation,auto,live,results,47,47,47,47,1,0,1.516,1.516,0,,
anime-24::Nyaa::0::::0,anime-24,anime,Nyaa,Steins Gate,punctuation,on,live,results,75,75,75,75,1,0,1.36,1.36,0,,
anime-24::SolidTorrents::0::::0,anime-24,anime,SolidTorrents,Steins Gate,punctuation,,not_run,unknown_circuit_open,0,0,,,,,,,0,,
anime-25::Apibay::0::::0,anime-25,anime,Apibay,SAKI,capitalization,off,live,empty,0,0,0,0,,0,2.172,,0,,
anime-25::Knaben::0::::0,anime-25,anime,Knaben,SAKI,capitalization,auto,live,results,50,50,0,0,,0,1.532,1.532,0,,
anime-25::Nyaa::0::::0,anime-25,anime,Nyaa,SAKI,capitalization,on,live,results,150,150,42,42,1,0,2.282,2.282,0,,
anime-25::SolidTorrents::0::::0,anime-25,anime,SolidTorrents,SAKI,capitalization,,not_run,unknown_circuit_open,0,0,,,,,,,0,,
anime-26::Apibay::0::::0,anime-26,anime,Apibay,咲-Saki-,unicode,off,live,empty,0,0,0,0,,0,2.89,,0,,
anime-26::Knaben::0::::0,anime-26,anime,Knaben,咲-Saki-,unicode,auto,live,results,8,8,8,8,1,0,0.485,0.485,0,,
anime-26::Nyaa::0::::0,anime-26,anime,Nyaa,咲-Saki-,unicode,on,live,empty,0,0,0,0,,0,1.922,,0,,
anime-26::SolidTorrents::0::::0,anime-26,anime,SolidTorrents,咲-Saki-,unicode,,not_run,unknown_circuit_open,0,0,,,,,,,0,,
anime-27::Apibay::0::::0,anime-27,anime,Apibay,Saki 720p,resolution,off,live,empty,0,0,0,0,,0,6.0,,0,,
anime-27::Knaben::0::::0,anime-27,anime,Knaben,Saki 720p,resolution,auto,live,results,50,50,2,2,20,0,1.266,1.266,0,,
anime-27::Nyaa::0::::0,anime-27,anime,Nyaa,Saki 720p,resolution,on,live,results,150,110,46,46,1,40,2.187,2.187,0,,
anime-27::SolidTorrents::0::::0,anime-27,anime,SolidTorrents,Saki 720p,resolution,,not_run,unknown_circuit_open,0,0,,,,,,,0,,
anime-28::Apibay::0::::0,anime-28,anime,Apibay,Saki batch,batch,off,live,empty,0,0,0,0,,0,8.875,,0,,
anime-28::Knaben::0::::0,anime-28,anime,Knaben,Saki batch,batch,auto,live,results,4,4,0,0,,0,1.0,1.0,0,,
anime-28::Nyaa::0::::0,anime-28,anime,Nyaa,Saki batch,batch,on,live,results,4,4,1,1,1,0,0.969,0.969,0,,
anime-28::SolidTorrents::0::::0,anime-28,anime,SolidTorrents,Saki batch,batch,,not_run,unknown_circuit_open,0,0,,,,,,,0,,
anime-29::Apibay::0::::0,anime-29,anime,Apibay,Saki 01,episode,off,live,empty,0,0,0,0,,0,6.0,,0,,
anime-29::Knaben::0::::0,anime-29,anime,Knaben,Saki 01,episode,auto,live,results,46,46,17,15,4,0,0.984,0.984,0,,
anime-29::Nyaa::0::::0,anime-29,anime,Nyaa,Saki 01,episode,on,live,results,52,52,18,18,1,0,1.141,1.141,0,,
anime-29::SolidTorrents::0::::0,anime-29,anime,SolidTorrents,Saki 01,episode,,not_run,unknown_circuit_open,0,0,,,,,,,0,,
anime-30::Apibay::0::::0,anime-30,anime,Apibay,Sousou no Frieren,alternate_title,off,live,results,96,96,96,96,1,0,6.188,6.188,0,,
anime-30::Knaben::0::::0,anime-30,anime,Knaben,Sousou no Frieren,alternate_title,auto,live,results,50,50,50,50,1,0,1.531,1.531,0,,
anime-30::Nyaa::0::::0,anime-30,anime,Nyaa,Sousou no Frieren,alternate_title,on,live,results,75,75,75,75,1,0,1.281,1.281,0,,
anime-30::SolidTorrents::0::::0,anime-30,anime,SolidTorrents,Sousou no Frieren,alternate_title,,not_run,unknown_circuit_open,0,0,,,,,,,0,,
anime-31::Apibay::0::::0,anime-31,anime,Apibay,Naruto pt-br,language_tags,off,live,empty,0,0,0,0,,0,9.985,,0,,
anime-31::Knaben::0::::0,anime-31,anime,Knaben,Naruto pt-br,language_tags,auto,live,results,50,50,13,13,1,0,1.485,1.485,0,,
anime-31::Nyaa::0::::0,anime-31,anime,Nyaa,Naruto pt-br,language_tags,on,live,results,4,2,1,1,2,2,2.0,2.0,0,,
anime-31::SolidTorrents::0::::0,anime-31,anime,SolidTorrents,Naruto pt-br,language_tags,,not_run,unknown_circuit_open,0,0,,,,,,,0,,
anime-32::Apibay::0::::0,anime-32,anime,Apibay,zzqvaudit7f29nonexistent,negative_control,off,live,empty,0,0,0,0,,0,2.0,,0,,
anime-32::Knaben::0::::0,anime-32,anime,Knaben,zzqvaudit7f29nonexistent,negative_control,auto,live,empty,0,0,0,0,,0,0.438,,0,,
anime-32::Nyaa::0::::0,anime-32,anime,Nyaa,zzqvaudit7f29nonexistent,negative_control,on,live,empty,0,0,0,0,,0,2.016,,0,,
anime-32::SolidTorrents::0::::0,anime-32,anime,SolidTorrents,zzqvaudit7f29nonexistent,negative_control,,not_run,unknown_circuit_open,0,0,,,,,,,0,,
books-01::Apibay::0::::0,books-01,books,Apibay,Pride and Prejudice,old,on,live,results,8,8,7,7,1,0,6.844,6.844,0,,
books-01::Knaben::0::::0,books-01,books,Knaben,Pride and Prejudice,old,auto,live,results,8,8,7,7,1,0,0.688,0.688,0,,
books-01::Libgen::0::::0,books-01,books,Libgen,Pride and Prejudice,old,on,live,results,77,77,38,38,1,0,3.547,3.547,0,,
books-01::Libgen::0::::3,books-01,books,Libgen,Pride and Prejudice,old,on,live,results,77,77,38,38,1,0,2.922,2.922,3,,
books-01::SolidTorrents::0::::0,books-01,books,SolidTorrents,Pride and Prejudice,old,off,live,results,20,20,18,18,1,0,1.89,1.89,0,,
books-02::Apibay::0::::0,books-02,books,Apibay,Frankenstein,old,on,live,empty,0,0,0,0,,0,3.859,,0,,
books-02::Knaben::0::::0,books-02,books,Knaben,Frankenstein,old,auto,live,results,48,48,45,45,1,0,1.0,1.0,0,,
books-02::Libgen::0::::0,books-02,books,Libgen,Frankenstein,old,on,live,results,16,16,16,16,1,0,2.579,2.579,0,,
books-02::SolidTorrents::0::::0,books-02,books,SolidTorrents,Frankenstein,old,off,live,results,20,20,20,20,1,0,2.047,2.047,0,,
books-03::Apibay::0::::0,books-03,books,Apibay,Alice in Wonderland,old,on,live,timeout,0,0,0,0,,0,11.453,,0,,
books-03::Knaben::0::::0,books-03,books,Knaben,Alice in Wonderland,old,auto,live,results,15,15,11,11,2,0,0.718,0.718,0,,
books-03::Libgen::0::::0,books-03,books,Libgen,Alice in Wonderland,old,on,live,results,21,21,5,5,4,0,3.625,3.625,0,,
books-03::SolidTorrents::0::::0,books-03,books,SolidTorrents,Alice in Wonderland,old,off,live,results,11,11,11,11,1,0,1.844,1.844,0,,
books-04::Apibay::0::::0,books-04,books,Apibay,Dracula,old,on,live,empty,0,0,0,0,,0,3.563,,0,,
books-04::Knaben::0::::0,books-04,books,Knaben,Dracula,old,auto,live,results,18,18,15,15,2,0,0.563,0.563,0,,
books-04::Libgen::0::::0,books-04,books,Libgen,Dracula,old,on,live,results,9,9,9,9,1,0,3.61,3.61,0,,
books-04::SolidTorrents::0::::0,books-04,books,SolidTorrents,Dracula,old,,not_run,unknown_circuit_open,0,0,,,,,,,0,,
books-05::Apibay::0::::0,books-05,books,Apibay,Metamorphosis,short,on,live,empty,0,0,0,0,,0,3.812,,0,,
books-05::Knaben::0::::0,books-05,books,Knaben,Metamorphosis,short,auto,live,results,1,1,1,1,1,0,0.484,0.484,0,,
books-05::Libgen::0::::0,books-05,books,Libgen,Metamorphosis,short,on,live,results,54,54,10,10,1,0,4.25,4.25,0,,
books-05::SolidTorrents::0::::0,books-05,books,SolidTorrents,Metamorphosis,short,,not_run,unknown_circuit_open,0,0,,,,,,,0,,
books-06::Apibay::0::::0,books-06,books,Apibay,The Hobbit,popular,on,live,results,11,11,9,9,2,0,5.422,5.422,0,,
books-06::Knaben::0::::0,books-06,books,Knaben,The Hobbit,popular,auto,live,results,6,6,5,5,1,0,0.484,0.484,0,,
books-06::Libgen::0::::0,books-06,books,Libgen,The Hobbit,popular,on,live,results,65,65,28,28,11,0,2.953,2.953,0,,
books-06::SolidTorrents::0::::0,books-06,books,SolidTorrents,The Hobbit,popular,,not_run,unknown_circuit_open,0,0,,,,,,,0,,
books-07::Apibay::0::::0,books-07,books,Apibay,Nineteen Eighty-Four,numeric,on,live,results,9,9,9,9,1,0,5.969,5.969,0,,
books-07::Knaben::0::::0,books-07,books,Knaben,Nineteen Eighty-Four,numeric,auto,live,results,3,3,3,3,1,0,0.485,0.485,0,,
books-07::Libgen::0::::0,books-07,books,Libgen,Nineteen Eighty-Four,numeric,on,live,results,100,100,28,28,1,0,2.265,2.265,0,,
books-07::SolidTorrents::0::::0,books-07,books,SolidTorrents,Nineteen Eighty-Four,numeric,,not_run,unknown_circuit_open,0,0,,,,,,,0,,
books-08::Apibay::0::::0,books-08,books,Apibay,Dune,short,on,live,results,5,5,4,4,1,0,0.125,0.125,0,,
books-08::Knaben::0::::0,books-08,books,Knaben,Dune,short,auto,live,results,24,24,18,18,2,0,0.735,0.735,0,,
books-08::Knaben::2::::3,books-08,books,Knaben,Dune,short,auto,live,empty,0,0,0,0,,0,0.297,,3,2,
books-08::Knaben::3::::3,books-08,books,Knaben,Dune,short,auto,live,empty,0,0,0,0,,0,0.969,,3,3,
books-08::Libgen::0::::0,books-08,books,Libgen,Dune,short,on,live,results,99,99,85,85,1,0,2.813,2.813,0,,
books-08::SolidTorrents::0::::0,books-08,books,SolidTorrents,Dune,short,,not_run,unknown_circuit_open,0,0,,,,,,,0,,
books-09::Apibay::0::::0,books-09,books,Apibay,The Left Hand of Darkness,niche,on,live,empty,0,0,0,0,,0,9.968,,0,,
books-09::Knaben::0::::0,books-09,books,Knaben,The Left Hand of Darkness,niche,auto,live,empty,0,0,0,0,,0,0.5,,0,,
books-09::Libgen::0::::0,books-09,books,Libgen,The Left Hand of Darkness,niche,on,live,results,100,100,81,81,1,0,9.469,9.469,0,,
books-09::SolidTorrents::0::::0,books-09,books,SolidTorrents,The Left Hand of Darkness,niche,,not_run,unknown_circuit_open,0,0,,,,,,,0,,
books-10::Apibay::0::::0,books-10,books,Apibay,The Dispossessed,niche,on,live,empty,0,0,0,0,,0,8.859,,0,,
books-10::Knaben::0::::0,books-10,books,Knaben,The Dispossessed,niche,auto,live,empty,0,0,0,0,,0,0.485,,0,,
books-10::Libgen::0::::0,books-10,books,Libgen,The Dispossessed,niche,on,live,results,100,100,46,46,4,0,3.234,3.234,0,,
books-10::SolidTorrents::0::::0,books-10,books,SolidTorrents,The Dispossessed,niche,,not_run,unknown_circuit_open,0,0,,,,,,,0,,
books-11::Apibay::0::::0,books-11,books,Apibay,Neuromancer,popular,on,live,results,7,7,7,7,1,0,0.968,0.968,0,,
books-11::Knaben::0::::0,books-11,books,Knaben,Neuromancer,popular,auto,live,results,2,2,2,2,1,0,0.516,0.516,0,,
books-11::Libgen::0::::0,books-11,books,Libgen,Neuromancer,popular,on,live,results,94,94,88,88,1,0,2.656,2.656,0,,
books-11::SolidTorrents::0::::0,books-11,books,SolidTorrents,Neuromancer,popular,,not_run,unknown_circuit_open,0,0,,,,,,,0,,
books-12::Apibay::0::::0,books-12,books,Apibay,The Name of the Rose,non_english,on,live,empty,0,0,0,0,,0,9.969,,0,,
books-12::Knaben::0::::0,books-12,books,Knaben,The Name of the Rose,non_english,auto,live,results,3,3,3,3,1,0,0.531,0.531,0,,
books-12::Libgen::0::::0,books-12,books,Libgen,The Name of the Rose,non_english,on,live,results,96,96,4,4,6,0,4.203,4.203,0,,
books-12::SolidTorrents::0::::0,books-12,books,SolidTorrents,The Name of the Rose,non_english,,not_run,unknown_circuit_open,0,0,,,,,,,0,,
books-13::Apibay::0::::0,books-13,books,Apibay,Dom Casmurro,pt_br,on,live,empty,0,0,0,0,,0,7.985,,0,,
books-13::Knaben::0::::0,books-13,books,Knaben,Dom Casmurro,pt_br,auto,live,empty,0,0,0,0,,0,0.516,,0,,
books-13::Libgen::0::::0,books-13,books,Libgen,Dom Casmurro,pt_br,on,live,results,100,100,54,54,1,0,3.375,3.375,0,,
books-13::SolidTorrents::0::::0,books-13,books,SolidTorrents,Dom Casmurro,pt_br,,not_run,unknown_circuit_open,0,0,,,,,,,0,,
books-14::Apibay::0::::0,books-14,books,Apibay,Memorias Postumas de Bras Cubas,pt_br,on,live,empty,0,0,0,0,,0,11.265,,0,,
books-14::Knaben::0::::0,books-14,books,Knaben,Memorias Postumas de Bras Cubas,pt_br,auto,live,empty,0,0,0,0,,0,1.0,,0,,
books-14::Libgen::0::::0,books-14,books,Libgen,Memorias Postumas de Bras Cubas,pt_br,on,live,results,71,71,59,59,1,0,2.703,2.703,0,,
books-14::SolidTorrents::0::::0,books-14,books,SolidTorrents,Memorias Postumas de Bras Cubas,pt_br,,not_run,unknown_circuit_open,0,0,,,,,,,0,,
books-15::Apibay::0::::0,books-15,books,Apibay,The Three-Body Problem,non_english,on,live,timeout,0,0,0,0,,0,11.641,,0,,
books-15::Knaben::0::::0,books-15,books,Knaben,The Three-Body Problem,non_english,auto,live,results,1,1,1,1,1,0,0.75,0.75,0,,
books-15::Libgen::0::::0,books-15,books,Libgen,The Three-Body Problem,non_english,on,live,results,100,100,14,14,1,0,5.516,5.516,0,,
books-15::SolidTorrents::0::::0,books-15,books,SolidTorrents,The Three-Body Problem,non_english,,not_run,unknown_circuit_open,0,0,,,,,,,0,,
books-16::Apibay::0::::0,books-16,books,Apibay,The Fifth Season,niche,on,live,empty,0,0,0,0,,0,9.438,,0,,
books-16::Knaben::0::::0,books-16,books,Knaben,The Fifth Season,niche,auto,live,empty,0,0,0,0,,0,0.469,,0,,
books-16::Libgen::0::::0,books-16,books,Libgen,The Fifth Season,niche,on,live,timeout,0,0,0,0,,0,11.14,,0,,
books-16::SolidTorrents::0::::0,books-16,books,SolidTorrents,The Fifth Season,niche,,not_run,unknown_circuit_open,0,0,,,,,,,0,,
books-17::Apibay::0::::0,books-17,books,Apibay,Piranesi,recent,on,live,empty,0,0,0,0,,0,3.015,,0,,
books-17::Knaben::0::::0,books-17,books,Knaben,Piranesi,recent,auto,live,results,1,1,1,1,1,0,0.5,0.5,0,,
books-17::Libgen::0::::0,books-17,books,Libgen,Piranesi,recent,on,live,timeout,0,0,0,0,,0,11.047,,0,,
books-17::SolidTorrents::0::::0,books-17,books,SolidTorrents,Piranesi,recent,,not_run,unknown_circuit_open,0,0,,,,,,,0,,
books-18::Apibay::0::::0,books-18,books,Apibay,Project Hail Mary,recent,on,live,results,4,4,4,4,1,0,0.985,0.985,0,,
books-18::Knaben::0::::0,books-18,books,Knaben,Project Hail Mary,recent,auto,live,empty,0,0,0,0,,0,0.5,,0,,
books-18::Libgen::0::::0,books-18,books,Libgen,Project Hail Mary,recent,on,live,results,74,74,68,68,1,0,4.094,4.094,0,,
books-18::SolidTorrents::0::::0,books-18,books,SolidTorrents,Project Hail Mary,recent,,not_run,unknown_circuit_open,0,0,,,,,,,0,,
books-19::Apibay::0::::0,books-19,books,Apibay,Tomorrow and Tomorrow and Tomorrow,recent,on,live,empty,0,0,0,0,,0,10.0,,0,,
books-19::Knaben::0::::0,books-19,books,Knaben,Tomorrow and Tomorrow and Tomorrow,recent,auto,live,results,4,4,1,1,1,0,0.516,0.516,0,,
books-19::Libgen::0::::0,books-19,books,Libgen,Tomorrow and Tomorrow and Tomorrow,recent,on,live,results,16,16,0,0,,0,2.547,2.547,0,,
books-19::SolidTorrents::0::::0,books-19,books,SolidTorrents,Tomorrow and Tomorrow and Tomorrow,recent,,not_run,unknown_circuit_open,0,0,,,,,,,0,,
books-20::Apibay::0::::0,books-20,books,Apibay,Yellowface,recent,on,live,timeout,0,0,0,0,,0,9.625,,0,,
books-20::Knaben::0::::0,books-20,books,Knaben,Yellowface,recent,auto,live,empty,0,0,0,0,,0,0.454,,0,,
books-20::Libgen::0::::0,books-20,books,Libgen,Yellowface,recent,on,live,results,61,61,35,35,25,0,2.281,2.281,0,,
books-20::SolidTorrents::0::::0,books-20,books,SolidTorrents,Yellowface,recent,,not_run,unknown_circuit_open,0,0,,,,,,,0,,
books-21::Apibay::0::::0,books-21,books,Apibay,The Rust Programming Language,technical,on,live,empty,0,0,0,0,,0,8.016,,0,,
books-21::Knaben::0::::0,books-21,books,Knaben,The Rust Programming Language,technical,auto,live,results,1,1,1,1,1,0,0.75,0.75,0,,
books-21::Libgen::0::::0,books-21,books,Libgen,The Rust Programming Language,technical,on,live,results,100,100,90,90,1,0,2.687,2.687,0,,
books-21::SolidTorrents::0::::0,books-21,books,SolidTorrents,The Rust Programming Language,technical,,not_run,unknown_circuit_open,0,0,,,,,,,0,,
books-22::Apibay::0::::0,books-22,books,Apibay,Designing Data-Intensive Applications,technical,on,live,timeout,0,0,0,0,,0,11.641,,0,,
books-22::Knaben::0::::0,books-22,books,Knaben,Designing Data-Intensive Applications,technical,auto,live,empty,0,0,0,0,,0,1.016,,0,,
books-22::Libgen::0::::0,books-22,books,Libgen,Designing Data-Intensive Applications,technical,on,live,results,51,51,38,38,1,0,3.422,3.422,0,,
books-22::SolidTorrents::0::::0,books-22,books,SolidTorrents,Designing Data-Intensive Applications,technical,,not_run,unknown_circuit_open,0,0,,,,,,,0,,
books-23::Apibay::0::::0,books-23,books,Apibay,Introduction to Algorithms,edition,on,live,empty,0,0,0,0,,0,10.859,,0,,
books-23::Knaben::0::::0,books-23,books,Knaben,Introduction to Algorithms,edition,auto,live,results,8,8,5,5,2,0,0.734,0.734,0,,
books-23::Libgen::0::::0,books-23,books,Libgen,Introduction to Algorithms,edition,on,live,results,100,100,66,66,1,0,4.641,4.641,0,,
books-23::SolidTorrents::0::::0,books-23,books,SolidTorrents,Introduction to Algorithms,edition,,not_run,unknown_circuit_open,0,0,,,,,,,0,,
books-24::Apibay::0::::0,books-24,books,Apibay,Structure and Interpretation of Computer Programs,technical,on,live,empty,0,0,0,0,,0,9.984,,0,,
books-24::Knaben::0::::0,books-24,books,Knaben,Structure and Interpretation of Computer Programs,technical,auto,live,empty,0,0,0,0,,0,0.484,,0,,
books-24::Libgen::0::::0,books-24,books,Libgen,Structure and Interpretation of Computer Programs,technical,on,live,results,43,43,38,38,1,0,2.312,2.312,0,,
books-24::SolidTorrents::0::::0,books-24,books,SolidTorrents,Structure and Interpretation of Computer Programs,technical,,not_run,unknown_circuit_open,0,0,,,,,,,0,,
books-25::Apibay::0::::0,books-25,books,Apibay,PRIDE AND PREJUDICE,capitalization,on,live,results,8,8,7,7,1,0,6.047,6.047,0,,
books-25::Knaben::0::::0,books-25,books,Knaben,PRIDE AND PREJUDICE,capitalization,auto,live,results,8,8,7,7,1,0,0.719,0.719,0,,
books-25::Libgen::0::::0,books-25,books,Libgen,PRIDE AND PREJUDICE,capitalization,on,live,results,77,77,38,38,1,0,3.453,3.453,0,,
books-25::SolidTorrents::0::::0,books-25,books,SolidTorrents,PRIDE AND PREJUDICE,capitalization,,not_run,unknown_circuit_open,0,0,,,,,,,0,,
books-26::Apibay::0::::0,books-26,books,Apibay,1984,numeric_variant,on,live,empty,0,0,0,0,,0,1.985,,0,,
books-26::Knaben::0::::0,books-26,books,Knaben,1984,numeric_variant,auto,live,results,43,43,41,41,1,0,1.484,1.484,0,,
books-26::Libgen::0::::0,books-26,books,Libgen,1984,numeric_variant,on,live,results,24,24,24,24,1,0,8.5,8.5,0,,
books-26::SolidTorrents::0::::0,books-26,books,SolidTorrents,1984,numeric_variant,,not_run,unknown_circuit_open,0,0,,,,,,,0,,
books-27::Apibay::0::::0,books-27,books,Apibay,Memórias Póstumas de Brás Cubas,accents,on,live,timeout,0,0,0,0,,0,12.297,,0,,
books-27::Knaben::0::::0,books-27,books,Knaben,Memórias Póstumas de Brás Cubas,accents,auto,live,empty,0,0,0,0,,0,0.468,,0,,
books-27::Libgen::0::::0,books-27,books,Libgen,Memórias Póstumas de Brás Cubas,accents,on,live,results,71,71,59,59,1,0,6.688,6.688,0,,
books-27::SolidTorrents::0::::0,books-27,books,SolidTorrents,Memórias Póstumas de Brás Cubas,accents,,not_run,unknown_circuit_open,0,0,,,,,,,0,,
books-28::Apibay::0::::0,books-28,books,Apibay,Die Verwandlung,native_alias,on,live,empty,0,0,0,0,,0,7.984,,0,,
books-28::Knaben::0::::0,books-28,books,Knaben,Die Verwandlung,native_alias,auto,live,empty,0,0,0,0,,0,0.969,,0,,
books-28::Libgen::0::::0,books-28,books,Libgen,Die Verwandlung,native_alias,on,live,timeout,0,0,0,0,,0,11.187,,0,,
books-28::SolidTorrents::0::::0,books-28,books,SolidTorrents,Die Verwandlung,native_alias,,not_run,unknown_circuit_open,0,0,,,,,,,0,,
books-29::Apibay::0::::0,books-29,books,Apibay,Pride and Prejudice epub,format,on,live,empty,0,0,0,0,,0,10.875,,0,,
books-29::Knaben::0::::0,books-29,books,Knaben,Pride and Prejudice epub,format,auto,live,results,5,5,4,4,1,0,0.516,0.516,0,,
books-29::Libgen::0::::0,books-29,books,Libgen,Pride and Prejudice epub,format,on,live,empty,0,0,0,0,,0,7.328,,0,,
books-29::SolidTorrents::0::::0,books-29,books,SolidTorrents,Pride and Prejudice epub,format,,not_run,unknown_circuit_open,0,0,,,,,,,0,,
books-30::Apibay::0::::0,books-30,books,Apibay,Dune audiobook,format,on,live,results,99,99,1,1,2,0,9.281,9.281,0,,
books-30::Knaben::0::::0,books-30,books,Knaben,Dune audiobook,format,auto,live,empty,0,0,0,0,,0,0.468,,0,,
books-30::Libgen::0::::0,books-30,books,Libgen,Dune audiobook,format,on,live,empty,0,0,0,0,,0,4.203,,0,,
books-30::SolidTorrents::0::::0,books-30,books,SolidTorrents,Dune audiobook,format,,not_run,unknown_circuit_open,0,0,,,,,,,0,,
books-31::Apibay::0::::0,books-31,books,Apibay,三体,unicode,on,live,empty,0,0,0,0,,0,1.984,,0,,
books-31::Knaben::0::::0,books-31,books,Knaben,三体,unicode,auto,live,results,3,3,1,1,1,0,0.515,0.515,0,,
books-31::Libgen::0::::0,books-31,books,Libgen,三体,unicode,on,live,timeout,100,100,99,99,1,0,10.844,10.844,0,,
books-31::SolidTorrents::0::::0,books-31,books,SolidTorrents,三体,unicode,,not_run,unknown_circuit_open,0,0,,,,,,,0,,
books-32::Apibay::0::::0,books-32,books,Apibay,zzqvaudit7f29nonexistent,negative_control,on,live,empty,0,0,0,0,,0,2.125,,0,,
books-32::Knaben::0::::0,books-32,books,Knaben,zzqvaudit7f29nonexistent,negative_control,auto,live,empty,0,0,0,0,,0,1.015,,0,,
books-32::Libgen::0::::0,books-32,books,Libgen,zzqvaudit7f29nonexistent,negative_control,on,live,empty,0,0,0,0,,0,6.312,,0,,
books-32::SolidTorrents::0::::0,books-32,books,SolidTorrents,zzqvaudit7f29nonexistent,negative_control,,not_run,unknown_circuit_open,0,0,,,,,,,0,,
fitgirl-01::FitGirl::0::::0,fitgirl-01,fitgirl,FitGirl,Cyberpunk 2077,popular,on,live,results,1,1,1,1,1,0,2.844,2.844,0,,
fitgirl-02::FitGirl::0::::0,fitgirl-02,fitgirl,FitGirl,Elden Ring,popular,on,live,results,2,2,2,2,1,0,1.375,1.375,0,,
fitgirl-03::FitGirl::0::::0,fitgirl-03,fitgirl,FitGirl,Baldur's Gate 3,punctuation,on,live,results,1,1,1,1,1,0,3.141,3.141,0,,
fitgirl-04::FitGirl::0::::0,fitgirl-04,fitgirl,FitGirl,Hogwarts Legacy,recent,on,live,results,1,1,1,1,1,0,0.266,0.266,0,,
fitgirl-05::FitGirl::0::::0,fitgirl-05,fitgirl,FitGirl,Starfield,recent,on,live,results,1,1,1,1,1,0,3.421,3.421,0,,
fitgirl-06::FitGirl::0::::0,fitgirl-06,fitgirl,FitGirl,Hades,short,on,live,results,2,2,2,2,1,0,2.485,2.485,0,,
fitgirl-07::FitGirl::0::::0,fitgirl-07,fitgirl,FitGirl,Hollow Knight,indie,on,live,results,2,2,2,2,1,0,2.422,2.422,0,,
fitgirl-08::FitGirl::0::::0,fitgirl-08,fitgirl,FitGirl,Stardew Valley,indie,on,live,results,1,1,1,1,1,0,0.265,0.265,0,,
fitgirl-09::FitGirl::0::::0,fitgirl-09,fitgirl,FitGirl,Terraria,coop,on,live,results,1,1,1,1,1,0,1.141,1.141,0,,
fitgirl-10::FitGirl::0::::0,fitgirl-10,fitgirl,FitGirl,Valheim,coop,on,live,results,1,1,1,1,1,0,0.969,0.969,0,,
fitgirl-11::FitGirl::0::::0,fitgirl-11,fitgirl,FitGirl,Palworld,recent,on,live,results,1,1,1,1,1,0,1.0,1.0,0,,
fitgirl-12::FitGirl::0::::0,fitgirl-12,fitgirl,FitGirl,Lethal Company,coop,on,live,empty,0,0,0,0,,0,3.484,,0,,
fitgirl-13::FitGirl::0::::0,fitgirl-13,fitgirl,FitGirl,It Takes Two,coop,on,live,results,1,1,1,1,1,0,2.516,2.516,0,,
fitgirl-14::FitGirl::0::::0,fitgirl-14,fitgirl,FitGirl,Portal 2,sequel,on,live,empty,0,0,0,0,,0,2.453,,0,,
fitgirl-15::FitGirl::0::::0,fitgirl-15,fitgirl,FitGirl,Half-Life,old,on,live,results,3,3,3,3,1,0,3.047,3.047,0,,
fitgirl-16::FitGirl::0::::0,fitgirl-16,fitgirl,FitGirl,Deus Ex,old,on,live,results,2,2,2,2,1,0,2.438,2.438,0,,
fitgirl-17::FitGirl::0::::0,fitgirl-17,fitgirl,FitGirl,System Shock 2,old,on,live,results,2,2,1,1,1,0,3.0,3.0,0,,
fitgirl-18::FitGirl::0::::0,fitgirl-18,fitgirl,FitGirl,Planescape Torment,niche,on,live,results,1,1,1,1,1,0,1.281,1.281,0,,
fitgirl-19::FitGirl::0::::0,fitgirl-19,fitgirl,FitGirl,Disco Elysium,niche,on,live,results,1,1,1,1,1,0,0.266,0.266,0,,
fitgirl-20::FitGirl::0::::0,fitgirl-20,fitgirl,FitGirl,Outer Wilds,near_match,on,live,results,1,1,1,1,1,0,1.14,1.14,0,,
fitgirl-21::FitGirl::0::::0,fitgirl-21,fitgirl,FitGirl,The Outer Worlds,near_match,on,live,results,3,3,3,3,1,0,3.5,3.5,0,,
fitgirl-22::FitGirl::0::::0,fitgirl-22,fitgirl,FitGirl,Sea of Stars,indie,on,live,results,1,1,1,1,1,0,2.688,2.688,0,,
fitgirl-23::FitGirl::0::::0,fitgirl-23,fitgirl,FitGirl,Prince of Persia The Lost Crown,recent,on,live,results,2,2,2,2,1,0,1.547,1.547,0,,
fitgirl-24::FitGirl::0::::0,fitgirl-24,fitgirl,FitGirl,Dragon's Dogma 2,sequel,on,live,results,2,2,2,2,1,0,0.281,0.281,0,,
fitgirl-25::FitGirl::0::::0,fitgirl-25,fitgirl,FitGirl,CYBERPUNK 2077,capitalization,on,live,results,1,1,1,1,1,0,2.094,2.094,0,,
fitgirl-26::FitGirl::0::::0,fitgirl-26,fitgirl,FitGirl,Baldurs Gate 3,punctuation_variant,on,live,empty,0,0,0,0,,0,3.156,,0,,
fitgirl-27::FitGirl::0::::0,fitgirl-27,fitgirl,FitGirl,バルダーズ・ゲート3,unicode,on,live,empty,0,0,0,0,,0,1.469,,0,,
fitgirl-28::FitGirl::0::::0,fitgirl-28,fitgirl,FitGirl,The Witcher 3 Wild Hunt,subtitle,on,live,results,4,4,4,4,1,0,2.515,2.515,0,,
fitgirl-29::FitGirl::0::::0,fitgirl-29,fitgirl,FitGirl,Cyberpunk 2077 fitgirl,repack,on,live,empty,0,0,0,0,,0,2.875,,0,,
fitgirl-30::FitGirl::0::::0,fitgirl-30,fitgirl,FitGirl,Stardew Valley linux,platform,on,live,empty,0,0,0,0,,0,1.453,,0,,
fitgirl-31::FitGirl::0::::0,fitgirl-31,fitgirl,FitGirl,Portal Two,numeric_variant,on,live,empty,0,0,0,0,,0,2.781,,0,,
fitgirl-32::FitGirl::0::::0,fitgirl-32,fitgirl,FitGirl,zzqvaudit7f29nonexistent,negative_control,on,live,empty,0,0,0,0,,0,1.5,,0,,
games-01::Apibay::0::::0,games-01,games,Apibay,Cyberpunk 2077,popular,on,live,empty,0,0,0,0,,0,7.906,,0,,
games-01::FitGirl::0::::0,games-01,games,FitGirl,Cyberpunk 2077,popular,on,reused_shared_source,results,1,1,1,1,1,0,,,0,,
games-01::FitGirl::0::::3,games-01,games,FitGirl,Cyberpunk 2077,popular,on,live,results,1,1,1,1,1,0,1.422,1.422,3,,
games-01::Knaben::0::::0,games-01,games,Knaben,Cyberpunk 2077,popular,auto,live,results,45,37,37,37,1,0,0.812,0.812,0,,
games-01::Online-Fix::0::::0,games-01,games,Online-Fix,Cyberpunk 2077,popular,on,live,empty,0,0,0,0,,0,1.234,,0,,
games-01::Online-Fix::0::::2,games-01,games,Online-Fix,Cyberpunk 2077,popular,on,live,empty,0,0,0,0,,0,11.25,,2,,
games-01::SolidTorrents::0::::0,games-01,games,SolidTorrents,Cyberpunk 2077,popular,off,live,results,20,20,20,20,1,0,2.281,2.281,0,,
games-02::Apibay::0::::0,games-02,games,Apibay,Elden Ring,popular,on,live,empty,0,0,0,0,,0,8.578,,0,,
games-02::FitGirl::0::::0,games-02,games,FitGirl,Elden Ring,popular,on,reused_shared_source,results,2,2,2,2,1,0,,,0,,
games-02::Knaben::0::::0,games-02,games,Knaben,Elden Ring,popular,auto,live,results,50,36,36,36,1,0,1.0,1.0,0,,
games-02::Online-Fix::0::::0,games-02,games,Online-Fix,Elden Ring,popular,on,live,results,2,2,2,2,1,0,1.219,1.219,0,,
games-02::Online-Fix::0::::2,games-02,games,Online-Fix,Elden Ring,popular,on,live,results,2,2,2,2,1,0,10.984,10.984,2,,
games-02::SolidTorrents::0::::0,games-02,games,SolidTorrents,Elden Ring,popular,off,live,timeout,0,0,0,0,,0,7.5,,0,,
games-03::Apibay::0::::0,games-03,games,Apibay,Baldur's Gate 3,punctuation,on,live,timeout,0,0,0,0,,0,11.047,,0,,
games-03::FitGirl::0::::0,games-03,games,FitGirl,Baldur's Gate 3,punctuation,on,reused_shared_source,results,1,1,1,1,1,0,,,0,,
games-03::Knaben::0::::0,games-03,games,Knaben,Baldur's Gate 3,punctuation,auto,live,results,5,5,1,1,5,0,0.75,0.75,0,,
games-03::Online-Fix::0::::0,games-03,games,Online-Fix,Baldur's Gate 3,punctuation,on,live,empty,0,0,0,0,,0,1.0,,0,,
games-03::Online-Fix::0::::2,games-03,games,Online-Fix,Baldur's Gate 3,punctuation,on,live,empty,0,0,0,0,,0,11.016,,2,,
games-03::SolidTorrents::0::::0,games-03,games,SolidTorrents,Baldur's Gate 3,punctuation,off,live,rate_limited,0,0,0,0,,0,0.75,,0,,
games-04::Apibay::0::::0,games-04,games,Apibay,Hogwarts Legacy,recent,on,live,results,6,6,6,6,1,0,5.406,5.406,0,,
games-04::FitGirl::0::::0,games-04,games,FitGirl,Hogwarts Legacy,recent,on,reused_shared_source,results,1,1,1,1,1,0,,,0,,
games-04::Knaben::0::::0,games-04,games,Knaben,Hogwarts Legacy,recent,auto,live,results,2,2,2,2,1,0,0.734,0.734,0,,
games-04::Online-Fix::0::::0,games-04,games,Online-Fix,Hogwarts Legacy,recent,on,live,empty,0,0,0,0,,0,1.0,,0,,
games-04::Online-Fix::0::::2,games-04,games,Online-Fix,Hogwarts Legacy,recent,on,live,empty,0,0,0,0,,0,10.984,,2,,
games-04::SolidTorrents::0::::0,games-04,games,SolidTorrents,Hogwarts Legacy,recent,,not_run,unknown_circuit_open,0,0,,,,,,,0,,
games-05::Apibay::0::::0,games-05,games,Apibay,Starfield,recent,on,live,empty,0,0,0,0,,0,3.032,,0,,
games-05::FitGirl::0::::0,games-05,games,FitGirl,Starfield,recent,on,reused_shared_source,results,1,1,1,1,1,0,,,0,,
games-05::Knaben::0::::0,games-05,games,Knaben,Starfield,recent,auto,live,results,5,5,5,5,1,0,1.0,1.0,0,,
games-05::Online-Fix::0::::0,games-05,games,Online-Fix,Starfield,recent,on,live,empty,0,0,0,0,,0,1.0,,0,,
games-05::Online-Fix::0::::2,games-05,games,Online-Fix,Starfield,recent,on,live,empty,0,0,0,0,,0,11.0,,2,,
games-05::SolidTorrents::0::::0,games-05,games,SolidTorrents,Starfield,recent,,not_run,unknown_circuit_open,0,0,,,,,,,0,,
games-06::Apibay::0::::0,games-06,games,Apibay,Hades,short,on,live,empty,0,0,0,0,,0,3.578,,0,,
games-06::FitGirl::0::::0,games-06,games,FitGirl,Hades,short,on,reused_shared_source,results,2,2,2,2,1,0,,,0,,
games-06::Knaben::0::::0,games-06,games,Knaben,Hades,short,auto,live,results,50,46,46,46,1,0,1.531,1.531,0,,
games-06::Online-Fix::0::::0,games-06,games,Online-Fix,Hades,short,on,live,empty,0,0,0,0,,0,0.984,,0,,
games-06::Online-Fix::0::::2,games-06,games,Online-Fix,Hades,short,on,live,empty,0,0,0,0,,0,11.016,,2,,
games-06::SolidTorrents::0::::0,games-06,games,SolidTorrents,Hades,short,,not_run,unknown_circuit_open,0,0,,,,,,,0,,
games-07::Apibay::0::::0,games-07,games,Apibay,Hollow Knight,indie,on,live,empty,0,0,0,0,,0,8.672,,0,,
games-07::FitGirl::0::::0,games-07,games,FitGirl,Hollow Knight,indie,on,reused_shared_source,results,2,2,2,2,1,0,,,0,,
games-07::Knaben::0::::0,games-07,games,Knaben,Hollow Knight,indie,auto,live,results,50,47,45,45,1,0,1.484,1.484,0,,
games-07::Online-Fix::0::::0,games-07,games,Online-Fix,Hollow Knight,indie,on,live,results,1,1,1,1,1,0,1.031,1.031,0,,
games-07::Online-Fix::0::::2,games-07,games,Online-Fix,Hollow Knight,indie,on,live,results,1,1,1,1,1,0,10.984,10.984,2,,
games-07::SolidTorrents::0::::0,games-07,games,SolidTorrents,Hollow Knight,indie,,not_run,unknown_circuit_open,0,0,,,,,,,0,,
games-08::Apibay::0::::0,games-08,games,Apibay,Stardew Valley,indie,on,live,empty,0,0,0,0,,0,8.015,,0,,
games-08::FitGirl::0::::0,games-08,games,FitGirl,Stardew Valley,indie,on,reused_shared_source,results,1,1,1,1,1,0,,,0,,
games-08::Knaben::0::::0,games-08,games,Knaben,Stardew Valley,indie,auto,live,results,10,10,10,10,1,0,1.046,1.046,0,,
games-08::Online-Fix::0::::0,games-08,games,Online-Fix,Stardew Valley,indie,on,reused_shared_source,empty,0,0,0,0,,0,,,0,,
games-08::SolidTorrents::0::::0,games-08,games,SolidTorrents,Stardew Valley,indie,,not_run,unknown_circuit_open,0,0,,,,,,,0,,
games-09::Apibay::0::::0,games-09,games,Apibay,Terraria,coop,on,live,empty,0,0,0,0,,0,2.157,,0,,
games-09::FitGirl::0::::0,games-09,games,FitGirl,Terraria,coop,on,reused_shared_source,results,1,1,1,1,1,0,,,0,,
games-09::Knaben::0::::0,games-09,games,Knaben,Terraria,coop,auto,live,results,50,50,50,50,1,0,1.5,1.5,0,,
games-09::Online-Fix::0::::0,games-09,games,Online-Fix,Terraria,coop,on,reused_shared_source,empty,0,0,0,0,,0,,,0,,
games-09::SolidTorrents::0::::0,games-09,games,SolidTorrents,Terraria,coop,,not_run,unknown_circuit_open,0,0,,,,,,,0,,
games-10::Apibay::0::::0,games-10,games,Apibay,Valheim,coop,on,live,empty,0,0,0,0,,0,2.953,,0,,
games-10::FitGirl::0::::0,games-10,games,FitGirl,Valheim,coop,on,reused_shared_source,results,1,1,1,1,1,0,,,0,,
games-10::Knaben::0::::0,games-10,games,Knaben,Valheim,coop,auto,live,results,36,36,36,36,1,0,1.531,1.531,0,,
games-10::Online-Fix::0::::0,games-10,games,Online-Fix,Valheim,coop,on,reused_shared_source,results,1,1,1,1,1,0,,,0,,
games-10::SolidTorrents::0::::0,games-10,games,SolidTorrents,Valheim,coop,,not_run,unknown_circuit_open,0,0,,,,,,,0,,
games-11::Apibay::0::::0,games-11,games,Apibay,Palworld,recent,on,live,empty,0,0,0,0,,0,3.547,,0,,
games-11::FitGirl::0::::0,games-11,games,FitGirl,Palworld,recent,on,reused_shared_source,results,1,1,1,1,1,0,,,0,,
games-11::Knaben::0::::0,games-11,games,Knaben,Palworld,recent,auto,live,results,24,24,22,22,1,0,1.453,1.453,0,,
games-11::Online-Fix::0::::0,games-11,games,Online-Fix,Palworld,recent,on,reused_shared_source,results,1,1,1,1,1,0,,,0,,
games-11::SolidTorrents::0::::0,games-11,games,SolidTorrents,Palworld,recent,,not_run,unknown_circuit_open,0,0,,,,,,,0,,
games-12::Apibay::0::::0,games-12,games,Apibay,Lethal Company,coop,on,live,results,5,5,0,0,,0,6.5,6.5,0,,
games-12::FitGirl::0::::0,games-12,games,FitGirl,Lethal Company,coop,on,reused_shared_source,empty,0,0,0,0,,0,,,0,,
games-12::Knaben::0::::0,games-12,games,Knaben,Lethal Company,coop,auto,live,empty,0,0,0,0,,0,0.969,,0,,
games-12::Online-Fix::0::::0,games-12,games,Online-Fix,Lethal Company,coop,on,live,empty,0,0,0,0,,0,1.016,,0,,
games-12::SolidTorrents::0::::0,games-12,games,SolidTorrents,Lethal Company,coop,,not_run,unknown_circuit_open,0,0,,,,,,,0,,
games-13::Apibay::0::::0,games-13,games,Apibay,It Takes Two,coop,on,live,empty,0,0,0,0,,0,10.0,,0,,
games-13::FitGirl::0::::0,games-13,games,FitGirl,It Takes Two,coop,on,reused_shared_source,results,1,1,1,1,1,0,,,0,,
games-13::Knaben::0::::0,games-13,games,Knaben,It Takes Two,coop,auto,live,empty,0,0,0,0,,0,0.969,,0,,
games-13::Online-Fix::0::::0,games-13,games,Online-Fix,It Takes Two,coop,on,reused_shared_source,empty,0,0,0,0,,0,,,0,,
games-13::SolidTorrents::0::::0,games-13,games,SolidTorrents,It Takes Two,coop,,not_run,unknown_circuit_open,0,0,,,,,,,0,,
games-14::Apibay::0::::0,games-14,games,Apibay,Portal 2,sequel,on,live,empty,0,0,0,0,,0,8.547,,0,,
games-14::FitGirl::0::::0,games-14,games,FitGirl,Portal 2,sequel,on,reused_shared_source,empty,0,0,0,0,,0,,,0,,
games-14::Knaben::0::::0,games-14,games,Knaben,Portal 2,sequel,auto,live,results,50,49,7,7,11,0,1.5,1.5,0,,
games-14::Online-Fix::0::::0,games-14,games,Online-Fix,Portal 2,sequel,on,reused_shared_source,empty,0,0,0,0,,0,,,0,,
games-14::SolidTorrents::0::::0,games-14,games,SolidTorrents,Portal 2,sequel,,not_run,unknown_circuit_open,0,0,,,,,,,0,,
games-15::Apibay::0::::0,games-15,games,Apibay,Half-Life,old,on,live,empty,0,0,0,0,,0,8.969,,0,,
games-15::FitGirl::0::::0,games-15,games,FitGirl,Half-Life,old,on,reused_shared_source,results,3,3,3,3,1,0,,,0,,
games-15::Knaben::0::::0,games-15,games,Knaben,Half-Life,old,auto,live,results,50,50,50,50,1,0,1.531,1.531,0,,
games-15::Online-Fix::0::::0,games-15,games,Online-Fix,Half-Life,old,on,live,results,1,1,1,1,1,0,1.015,1.015,0,,
games-15::Online-Fix::0::::2,games-15,games,Online-Fix,Half-Life,old,on,live,results,1,1,1,1,1,0,11.016,11.016,2,,
games-15::SolidTorrents::0::::0,games-15,games,SolidTorrents,Half-Life,old,,not_run,unknown_circuit_open,0,0,,,,,,,0,,
games-16::Apibay::0::::0,games-16,games,Apibay,Deus Ex,old,on,live,empty,0,0,0,0,,0,7.968,,0,,
games-16::FitGirl::0::::0,games-16,games,FitGirl,Deus Ex,old,on,reused_shared_source,results,2,2,2,2,1,0,,,0,,
games-16::Knaben::0::::0,games-16,games,Knaben,Deus Ex,old,auto,live,results,25,24,24,24,1,0,1.265,1.265,0,,
games-16::Online-Fix::0::::0,games-16,games,Online-Fix,Deus Ex,old,on,live,empty,0,0,0,0,,0,1.0,,0,,
games-16::Online-Fix::0::::2,games-16,games,Online-Fix,Deus Ex,old,on,live,empty,0,0,0,0,,0,11.0,,2,,
games-16::SolidTorrents::0::::0,games-16,games,SolidTorrents,Deus Ex,old,,not_run,unknown_circuit_open,0,0,,,,,,,0,,
games-17::Apibay::0::::0,games-17,games,Apibay,System Shock 2,old,on,live,empty,0,0,0,0,,0,8.453,,0,,
games-17::FitGirl::0::::0,games-17,games,FitGirl,System Shock 2,old,on,reused_shared_source,results,2,2,1,1,1,0,,,0,,
games-17::Knaben::0::::0,games-17,games,Knaben,System Shock 2,old,auto,live,results,10,9,6,6,1,0,1.219,1.219,0,,
games-17::Online-Fix::0::::0,games-17,games,Online-Fix,System Shock 2,old,on,live,empty,0,0,0,0,,0,1.0,,0,,
games-17::Online-Fix::0::::2,games-17,games,Online-Fix,System Shock 2,old,on,live,results,1,1,1,1,1,0,11.188,11.188,2,,
games-17::SolidTorrents::0::::0,games-17,games,SolidTorrents,System Shock 2,old,,not_run,unknown_circuit_open,0,0,,,,,,,0,,
games-18::Apibay::0::::0,games-18,games,Apibay,Planescape Torment,niche,on,live,empty,0,0,0,0,,0,8.531,,0,,
games-18::FitGirl::0::::0,games-18,games,FitGirl,Planescape Torment,niche,on,reused_shared_source,results,1,1,1,1,1,0,,,0,,
games-18::Knaben::0::::0,games-18,games,Knaben,Planescape Torment,niche,auto,live,results,4,4,4,4,1,0,1.141,1.141,0,,
games-18::Online-Fix::0::::0,games-18,games,Online-Fix,Planescape Torment,niche,on,live,empty,0,0,0,0,,0,0.984,,0,,
games-18::Online-Fix::0::::2,games-18,games,Online-Fix,Planescape Torment,niche,on,live,empty,0,0,0,0,,0,10.812,,2,,
games-18::SolidTorrents::0::::0,games-18,games,SolidTorrents,Planescape Torment,niche,,not_run,unknown_circuit_open,0,0,,,,,,,0,,
games-19::Apibay::0::::0,games-19,games,Apibay,Disco Elysium,niche,on,live,empty,0,0,0,0,,0,8.0,,0,,
games-19::FitGirl::0::::0,games-19,games,FitGirl,Disco Elysium,niche,on,reused_shared_source,results,1,1,1,1,1,0,,,0,,
games-19::Knaben::0::::0,games-19,games,Knaben,Disco Elysium,niche,auto,live,results,17,15,15,15,1,0,1.234,1.234,0,,
games-19::Online-Fix::0::::0,games-19,games,Online-Fix,Disco Elysium,niche,on,live,empty,0,0,0,0,,0,1.0,,0,,
games-19::Online-Fix::0::::2,games-19,games,Online-Fix,Disco Elysium,niche,on,live,empty,0,0,0,0,,0,11.0,,2,,
games-19::SolidTorrents::0::::0,games-19,games,SolidTorrents,Disco Elysium,niche,,not_run,unknown_circuit_open,0,0,,,,,,,0,,
games-20::Apibay::0::::0,games-20,games,Apibay,Outer Wilds,near_match,on,live,empty,0,0,0,0,,0,7.891,,0,,
games-20::FitGirl::0::::0,games-20,games,FitGirl,Outer Wilds,near_match,on,reused_shared_source,results,1,1,1,1,1,0,,,0,,
games-20::Knaben::0::::0,games-20,games,Knaben,Outer Wilds,near_match,auto,live,empty,0,0,0,0,,0,1.015,,0,,
games-20::Online-Fix::0::::0,games-20,games,Online-Fix,Outer Wilds,near_match,on,live,results,1,1,1,1,1,0,1.047,1.047,0,,
games-20::Online-Fix::0::::2,games-20,games,Online-Fix,Outer Wilds,near_match,on,live,results,1,1,1,1,1,0,11.0,11.0,2,,
games-20::SolidTorrents::0::::0,games-20,games,SolidTorrents,Outer Wilds,near_match,,not_run,unknown_circuit_open,0,0,,,,,,,0,,
games-21::Apibay::0::::0,games-21,games,Apibay,The Outer Worlds,near_match,on,live,empty,0,0,0,0,,0,8.016,,0,,
games-21::FitGirl::0::::0,games-21,games,FitGirl,The Outer Worlds,near_match,on,reused_shared_source,results,3,3,3,3,1,0,,,0,,
games-21::Knaben::0::::0,games-21,games,Knaben,The Outer Worlds,near_match,auto,live,results,12,12,12,12,1,0,1.25,1.25,0,,
games-21::Online-Fix::0::::0,games-21,games,Online-Fix,The Outer Worlds,near_match,on,live,empty,0,0,0,0,,0,1.0,,0,,
games-21::Online-Fix::0::::2,games-21,games,Online-Fix,The Outer Worlds,near_match,on,live,empty,0,0,0,0,,0,11.016,,2,,
games-21::SolidTorrents::0::::0,games-21,games,SolidTorrents,The Outer Worlds,near_match,,not_run,unknown_circuit_open,0,0,,,,,,,0,,
games-22::Apibay::0::::0,games-22,games,Apibay,Sea of Stars,indie,on,live,empty,0,0,0,0,,0,10.343,,0,,
games-22::FitGirl::0::::0,games-22,games,FitGirl,Sea of Stars,indie,on,reused_shared_source,results,1,1,1,1,1,0,,,0,,
games-22::Knaben::0::::0,games-22,games,Knaben,Sea of Stars,indie,auto,live,results,2,2,2,2,1,0,0.953,0.953,0,,
games-22::Online-Fix::0::::0,games-22,games,Online-Fix,Sea of Stars,indie,on,live,empty,0,0,0,0,,0,1.0,,0,,
games-22::Online-Fix::0::::2,games-22,games,Online-Fix,Sea of Stars,indie,on,live,empty,0,0,0,0,,0,10.968,,2,,
games-22::SolidTorrents::0::::0,games-22,games,SolidTorrents,Sea of Stars,indie,,not_run,unknown_circuit_open,0,0,,,,,,,0,,
games-23::Apibay::0::::0,games-23,games,Apibay,Prince of Persia The Lost Crown,recent,on,live,empty,0,0,0,0,,0,10.5,,0,,
games-23::FitGirl::0::::0,games-23,games,FitGirl,Prince of Persia The Lost Crown,recent,on,reused_shared_source,results,2,2,2,2,1,0,,,0,,
games-23::Knaben::0::::0,games-23,games,Knaben,Prince of Persia The Lost Crown,recent,auto,live,results,6,6,6,6,1,0,1.0,1.0,0,,
games-23::Online-Fix::0::::0,games-23,games,Online-Fix,Prince of Persia The Lost Crown,recent,on,live,empty,0,0,0,0,,0,0.984,,0,,
games-23::Online-Fix::0::::2,games-23,games,Online-Fix,Prince of Persia The Lost Crown,recent,on,live,empty,0,0,0,0,,0,11.0,,2,,
games-23::SolidTorrents::0::::0,games-23,games,SolidTorrents,Prince of Persia The Lost Crown,recent,,not_run,unknown_circuit_open,0,0,,,,,,,0,,
games-24::Apibay::0::::0,games-24,games,Apibay,Dragon's Dogma 2,sequel,on,live,empty,0,0,0,0,,0,10.016,,0,,
games-24::FitGirl::0::::0,games-24,games,FitGirl,Dragon's Dogma 2,sequel,on,reused_shared_source,results,2,2,2,2,1,0,,,0,,
games-24::Knaben::0::::0,games-24,games,Knaben,Dragon's Dogma 2,sequel,auto,live,results,10,10,4,4,2,0,1.234,1.234,0,,
games-24::Online-Fix::0::::0,games-24,games,Online-Fix,Dragon's Dogma 2,sequel,on,live,empty,0,0,0,0,,0,1.031,,0,,
games-24::Online-Fix::0::::2,games-24,games,Online-Fix,Dragon's Dogma 2,sequel,on,live,empty,0,0,0,0,,0,11.0,,2,,
games-24::SolidTorrents::0::::0,games-24,games,SolidTorrents,Dragon's Dogma 2,sequel,,not_run,unknown_circuit_open,0,0,,,,,,,0,,
games-25::Apibay::0::::0,games-25,games,Apibay,CYBERPUNK 2077,capitalization,on,live,empty,0,0,0,0,,0,10.0,,0,,
games-25::FitGirl::0::::0,games-25,games,FitGirl,CYBERPUNK 2077,capitalization,on,reused_shared_source,results,1,1,1,1,1,0,,,0,,
games-25::Knaben::0::::0,games-25,games,Knaben,CYBERPUNK 2077,capitalization,auto,live,results,45,37,37,37,1,0,1.25,1.25,0,,
games-25::Online-Fix::0::::0,games-25,games,Online-Fix,CYBERPUNK 2077,capitalization,on,live,empty,0,0,0,0,,0,1.0,,0,,
games-25::Online-Fix::0::::2,games-25,games,Online-Fix,CYBERPUNK 2077,capitalization,on,live,empty,0,0,0,0,,0,11.016,,2,,
games-25::SolidTorrents::0::::0,games-25,games,SolidTorrents,CYBERPUNK 2077,capitalization,,not_run,unknown_circuit_open,0,0,,,,,,,0,,
games-26::Apibay::0::::0,games-26,games,Apibay,Baldurs Gate 3,punctuation_variant,on,live,results,91,82,30,30,1,0,6.437,6.437,0,,
games-26::FitGirl::0::::0,games-26,games,FitGirl,Baldurs Gate 3,punctuation_variant,on,reused_shared_source,empty,0,0,0,0,,0,,,0,,
games-26::Knaben::0::::0,games-26,games,Knaben,Baldurs Gate 3,punctuation_variant,auto,live,results,33,28,26,26,1,0,0.984,0.984,0,,
games-26::Online-Fix::0::::0,games-26,games,Online-Fix,Baldurs Gate 3,punctuation_variant,on,live,empty,0,0,0,0,,0,1.0,,0,,
games-26::Online-Fix::0::::2,games-26,games,Online-Fix,Baldurs Gate 3,punctuation_variant,on,live,empty,0,0,0,0,,0,10.984,,2,,
games-26::SolidTorrents::0::::0,games-26,games,SolidTorrents,Baldurs Gate 3,punctuation_variant,,not_run,unknown_circuit_open,0,0,,,,,,,0,,
games-27::Apibay::0::::0,games-27,games,Apibay,バルダーズ・ゲート3,unicode,on,live,empty,0,0,0,0,,0,2.594,,0,,
games-27::FitGirl::0::::0,games-27,games,FitGirl,バルダーズ・ゲート3,unicode,on,reused_shared_source,empty,0,0,0,0,,0,,,0,,
games-27::Knaben::0::::0,games-27,games,Knaben,バルダーズ・ゲート3,unicode,auto,live,empty,0,0,0,0,,0,0.985,,0,,
games-27::Online-Fix::0::::0,games-27,games,Online-Fix,バルダーズ・ゲート3,unicode,on,live,empty,0,0,0,0,,0,1.0,,0,,
games-27::Online-Fix::0::::2,games-27,games,Online-Fix,バルダーズ・ゲート3,unicode,on,live,empty,0,0,0,0,,0,10.984,,2,,
games-27::SolidTorrents::0::::0,games-27,games,SolidTorrents,バルダーズ・ゲート3,unicode,,not_run,unknown_circuit_open,0,0,,,,,,,0,,
games-28::Apibay::0::::0,games-28,games,Apibay,The Witcher 3 Wild Hunt,subtitle,on,live,results,2,2,2,2,1,0,6.594,6.594,0,,
games-28::FitGirl::0::::0,games-28,games,FitGirl,The Witcher 3 Wild Hunt,subtitle,on,reused_shared_source,results,4,4,4,4,1,0,,,0,,
games-28::Knaben::0::::0,games-28,games,Knaben,The Witcher 3 Wild Hunt,subtitle,auto,live,results,47,47,47,47,1,0,1.515,1.515,0,,
games-28::Online-Fix::0::::0,games-28,games,Online-Fix,The Witcher 3 Wild Hunt,subtitle,on,live,empty,0,0,0,0,,0,0.985,,0,,
games-28::Online-Fix::0::::2,games-28,games,Online-Fix,The Witcher 3 Wild Hunt,subtitle,on,live,empty,0,0,0,0,,0,11.0,,2,,
games-28::SolidTorrents::0::::0,games-28,games,SolidTorrents,The Witcher 3 Wild Hunt,subtitle,,not_run,unknown_circuit_open,0,0,,,,,,,0,,
games-29::Apibay::0::::0,games-29,games,Apibay,Cyberpunk 2077 fitgirl,repack,on,live,empty,0,0,0,0,,0,9.125,,0,,
games-29::FitGirl::0::::0,games-29,games,FitGirl,Cyberpunk 2077 fitgirl,repack,on,reused_shared_source,empty,0,0,0,0,,0,,,0,,
games-29::Knaben::0::::0,games-29,games,Knaben,Cyberpunk 2077 fitgirl,repack,auto,live,empty,0,0,0,0,,0,0.968,,0,,
games-29::Online-Fix::0::::0,games-29,games,Online-Fix,Cyberpunk 2077 fitgirl,repack,on,live,empty,0,0,0,0,,0,1.0,,0,,
games-29::Online-Fix::0::::2,games-29,games,Online-Fix,Cyberpunk 2077 fitgirl,repack,on,live,empty,0,0,0,0,,0,11.0,,2,,
games-29::SolidTorrents::0::::0,games-29,games,SolidTorrents,Cyberpunk 2077 fitgirl,repack,,not_run,unknown_circuit_open,0,0,,,,,,,0,,
games-30::Apibay::0::::0,games-30,games,Apibay,Stardew Valley linux,platform,on,live,empty,0,0,0,0,,0,10.25,,0,,
games-30::FitGirl::0::::0,games-30,games,FitGirl,Stardew Valley linux,platform,on,reused_shared_source,empty,0,0,0,0,,0,,,0,,
games-30::Knaben::0::::0,games-30,games,Knaben,Stardew Valley linux,platform,auto,live,empty,0,0,0,0,,0,1.0,,0,,
games-30::Online-Fix::0::::0,games-30,games,Online-Fix,Stardew Valley linux,platform,on,live,empty,0,0,0,0,,0,1.015,,0,,
games-30::Online-Fix::0::::2,games-30,games,Online-Fix,Stardew Valley linux,platform,on,live,empty,0,0,0,0,,0,11.0,,2,,
games-30::SolidTorrents::0::::0,games-30,games,SolidTorrents,Stardew Valley linux,platform,,not_run,unknown_circuit_open,0,0,,,,,,,0,,
games-31::Apibay::0::::0,games-31,games,Apibay,Portal Two,numeric_variant,on,live,empty,0,0,0,0,,0,9.172,,0,,
games-31::FitGirl::0::::0,games-31,games,FitGirl,Portal Two,numeric_variant,on,reused_shared_source,empty,0,0,0,0,,0,,,0,,
games-31::Knaben::0::::0,games-31,games,Knaben,Portal Two,numeric_variant,auto,live,results,4,4,0,0,,0,0.985,0.985,0,,
games-31::Online-Fix::0::::0,games-31,games,Online-Fix,Portal Two,numeric_variant,on,reused_shared_source,empty,0,0,0,0,,0,,,0,,
games-31::SolidTorrents::0::::0,games-31,games,SolidTorrents,Portal Two,numeric_variant,,not_run,unknown_circuit_open,0,0,,,,,,,0,,
games-32::Apibay::0::::0,games-32,games,Apibay,zzqvaudit7f29nonexistent,negative_control,on,live,empty,0,0,0,0,,0,2.984,,0,,
games-32::FitGirl::0::::0,games-32,games,FitGirl,zzqvaudit7f29nonexistent,negative_control,on,reused_shared_source,empty,0,0,0,0,,0,,,0,,
games-32::Knaben::0::::0,games-32,games,Knaben,zzqvaudit7f29nonexistent,negative_control,auto,live,empty,0,0,0,0,,0,0.985,,0,,
games-32::Online-Fix::0::::0,games-32,games,Online-Fix,zzqvaudit7f29nonexistent,negative_control,on,live,empty,0,0,0,0,,0,1.0,,0,,
games-32::SolidTorrents::0::::0,games-32,games,SolidTorrents,zzqvaudit7f29nonexistent,negative_control,,not_run,unknown_circuit_open,0,0,,,,,,,0,,
madokami-01::Madokami::0::::0,madokami-01,madokami,Madokami,One Piece,popular,on,live,results,32,32,28,28,1,0,1.937,1.937,0,,
madokami-01::Madokami::0::::3,madokami-01,madokami,Madokami,One Piece,popular,on,live,results,32,32,28,28,1,0,2.031,2.031,3,,
madokami-02::Madokami::0::::0,madokami-02,madokami,Madokami,Berserk,popular,on,live,results,11,11,9,9,2,0,0.313,0.313,0,,
madokami-03::Madokami::0::::0,madokami-03,madokami,Madokami,Naruto,popular,on,live,results,40,40,32,32,1,0,1.937,1.937,0,,
madokami-04::Madokami::0::::0,madokami-04,madokami,Madokami,Death Note,popular,on,live,results,12,12,10,10,1,0,0.313,0.313,0,,
madokami-05::Madokami::0::::0,madokami-05,madokami,Madokami,Monster,ambiguous,on,live,results,99,99,60,60,1,0,1.093,1.093,0,,
madokami-06::Madokami::0::::0,madokami-06,madokami,Madokami,20th Century Boys,numeric,on,live,results,4,4,3,3,2,0,0.875,0.875,0,,
madokami-07::Madokami::0::::0,madokami-07,madokami,Madokami,Vagabond,popular,on,live,results,7,7,4,4,1,0,1.0,1.0,0,,
madokami-08::Madokami::0::::0,madokami-08,madokami,Madokami,Yotsuba,short,on,live,results,14,14,3,3,3,0,1.016,1.016,0,,
madokami-09::Madokami::0::::0,madokami-09,madokami,Madokami,Yokohama Kaidashi Kikou,niche,on,live,results,5,5,5,5,1,0,0.968,0.968,0,,
madokami-10::Madokami::0::::0,madokami-10,madokami,Madokami,Yokohama Shopping Log,alternate_title,on,live,empty,0,0,0,0,,0,1.0,,0,,
madokami-11::Madokami::0::::0,madokami-11,madokami,Madokami,Witch Hat Atelier,recent,on,live,results,7,7,5,5,2,0,1.0,1.0,0,,
madokami-12::Madokami::0::::0,madokami-12,madokami,Madokami,Dungeon Meshi,recent,on,live,results,6,6,6,6,1,0,1.0,1.0,0,,
madokami-13::Madokami::0::::0,madokami-13,madokami,Madokami,Frieren,recent,on,live,results,5,5,5,5,1,0,1.016,1.016,0,,
madokami-14::Madokami::0::::0,madokami-14,madokami,Madokami,Chainsaw Man,recent,on,live,results,10,10,9,9,1,0,0.984,0.984,0,,
madokami-15::Madokami::0::::0,madokami-15,madokami,Madokami,Dandadan,recent,on,live,results,4,4,4,4,1,0,1.016,1.016,0,,
madokami-16::Madokami::0::::0,madokami-16,madokami,Madokami,Sakamoto Days,recent,on,live,results,3,3,3,3,1,0,0.969,0.969,0,,
madokami-17::Madokami::0::::0,madokami-17,madokami,Madokami,Akane-banashi,recent,on,live,results,2,2,2,2,1,0,1.015,1.015,0,,
madokami-18::Madokami::0::::0,madokami-18,madokami,Madokami,Saki,short,on,live,results,99,99,28,28,7,0,1.063,1.063,0,,
madokami-19::Madokami::0::::0,madokami-19,madokami,Madokami,Akagi,topic_mahjong,on,live,results,15,15,8,8,1,0,1.047,1.047,0,,
madokami-20::Madokami::0::::0,madokami-20,madokami,Madokami,Hikaru no Go,old,on,live,results,6,6,6,6,1,0,0.89,0.89,0,,
madokami-21::Madokami::0::::0,madokami-21,madokami,Madokami,Rose of Versailles,old,on,live,results,2,2,2,2,1,0,1.0,1.0,0,,
madokami-22::Madokami::0::::0,madokami-22,madokami,Madokami,Phoenix,old,on,live,results,53,52,13,13,3,0,1.063,1.063,0,,
madokami-23::Madokami::0::::0,madokami-23,madokami,Madokami,Nausicaa of the Valley of the Wind,old,on,live,results,6,6,3,3,1,0,0.984,0.984,0,,
madokami-24::Madokami::0::::0,madokami-24,madokami,Madokami,Otoyomegatari,niche,on,live,results,4,4,4,4,1,0,0.937,0.937,0,,
madokami-25::Madokami::0::::0,madokami-25,madokami,Madokami,BERSERK,capitalization,on,live,results,11,11,9,9,2,0,1.016,1.016,0,,
madokami-26::Madokami::0::::0,madokami-26,madokami,Madokami,咲-Saki-,unicode,on,live,results,3,3,1,1,3,0,0.969,0.969,0,,
madokami-27::Madokami::0::::0,madokami-27,madokami,Madokami,One Piece v01,volume,on,live,empty,0,0,0,0,,0,1.015,,0,,
madokami-28::Madokami::0::::0,madokami-28,madokami,Madokami,Berserk complete,batch,on,live,empty,0,0,0,0,,0,1.0,,0,,
madokami-29::Madokami::0::::0,madokami-29,madokami,Madokami,Twenty First Century Boys,numeric_variant,on,live,results,1,1,1,1,1,0,1.0,1.0,0,,
madokami-30::Madokami::0::::0,madokami-30,madokami,Madokami,Berserk português,pt_br,on,live,empty,0,0,0,0,,0,0.985,,0,,
madokami-31::Madokami::0::::0,madokami-31,madokami,Madokami,ダンジョン飯,native_alias,on,live,results,1,1,1,1,1,0,1.015,1.015,0,,
madokami-32::Madokami::0::::0,madokami-32,madokami,Madokami,zzqvaudit7f29nonexistent,negative_control,on,live,empty,0,0,0,0,,0,1.0,,0,,
manga-01::Apibay::0::::0,manga-01,manga,Apibay,One Piece,popular,on,live,results,1,1,1,1,1,0,2.453,2.453,0,,
manga-01::Knaben::0::::0,manga-01,manga,Knaben,One Piece,popular,auto,live,results,49,49,49,49,1,0,0.984,0.984,0,,
manga-01::Nyaa (EN)::0::::0,manga-01,manga,Nyaa (EN),One Piece,popular,on,live,results,75,75,75,75,1,0,0.891,0.891,0,,
manga-01::Nyaa (EN)::2::::3,manga-01,manga,Nyaa (EN),One Piece,popular,on,live,results,75,75,75,75,1,0,0.797,0.797,3,2,
manga-01::Nyaa (EN)::3::::3,manga-01,manga,Nyaa (EN),One Piece,popular,on,live,results,75,75,75,75,1,0,0.937,0.937,3,3,
manga-01::Nyaa (Non-English)::0::::0,manga-01,manga,Nyaa (Non-English),One Piece,popular,off,live,results,75,75,75,75,1,0,0.953,0.953,0,,
manga-01::Nyaa (Raw)::0::::0,manga-01,manga,Nyaa (Raw),One Piece,popular,off,live,results,75,75,75,75,1,0,0.782,0.782,0,,
manga-02::Apibay::0::::0,manga-02,manga,Apibay,Berserk,popular,on,live,empty,0,0,0,0,,0,1.906,,0,,
manga-02::Knaben::0::::0,manga-02,manga,Knaben,Berserk,popular,auto,live,results,49,49,48,48,1,0,0.938,0.938,0,,
manga-02::Nyaa (EN)::0::::0,manga-02,manga,Nyaa (EN),Berserk,popular,on,live,results,75,75,72,72,1,0,1.047,1.047,0,,
manga-02::Nyaa (Non-English)::0::::0,manga-02,manga,Nyaa (Non-English),Berserk,popular,off,live,results,8,8,8,8,1,0,0.844,0.844,0,,
manga-02::Nyaa (Raw)::0::::0,manga-02,manga,Nyaa (Raw),Berserk,popular,off,live,results,25,25,24,24,1,0,0.859,0.859,0,,
manga-03::Apibay::0::::0,manga-03,manga,Apibay,Naruto,popular,on,live,empty,0,0,0,0,,0,1.906,,0,,
manga-03::Knaben::0::::0,manga-03,manga,Knaben,Naruto,popular,auto,live,results,46,46,40,40,1,0,1.547,1.547,0,,
manga-03::Nyaa (EN)::0::::0,manga-03,manga,Nyaa (EN),Naruto,popular,on,live,results,75,75,54,54,1,0,0.938,0.938,0,,
manga-03::Nyaa (Non-English)::0::::0,manga-03,manga,Nyaa (Non-English),Naruto,popular,off,live,results,75,75,61,61,1,0,0.968,0.968,0,,
manga-03::Nyaa (Raw)::0::::0,manga-03,manga,Nyaa (Raw),Naruto,popular,off,live,results,75,75,44,44,1,0,1.016,1.016,0,,
manga-04::Apibay::0::::0,manga-04,manga,Apibay,Death Note,popular,on,live,results,1,1,1,1,1,0,1.0,1.0,0,,
manga-04::Knaben::0::::0,manga-04,manga,Knaben,Death Note,popular,auto,live,results,48,48,48,48,1,0,1.516,1.516,0,,
manga-04::Nyaa (EN)::0::::0,manga-04,manga,Nyaa (EN),Death Note,popular,on,live,results,24,24,24,24,1,0,0.938,0.938,0,,
manga-04::Nyaa (Non-English)::0::::0,manga-04,manga,Nyaa (Non-English),Death Note,popular,off,live,results,1,1,1,1,1,0,0.843,0.843,0,,
manga-04::Nyaa (Raw)::0::::0,manga-04,manga,Nyaa (Raw),Death Note,popular,off,live,results,17,17,17,17,1,0,1.047,1.047,0,,
manga-05::Apibay::0::::0,manga-05,manga,Apibay,Monster,ambiguous,on,live,empty,0,0,0,0,,0,2.046,,0,,
manga-05::Knaben::0::::0,manga-05,manga,Knaben,Monster,ambiguous,auto,live,results,49,49,29,29,1,0,1.5,1.5,0,,
manga-05::Nyaa (EN)::0::::0,manga-05,manga,Nyaa (EN),Monster,ambiguous,on,live,results,75,75,45,45,3,0,0.985,0.985,0,,
manga-05::Nyaa (Non-English)::0::::0,manga-05,manga,Nyaa (Non-English),Monster,ambiguous,off,live,results,8,8,7,7,1,0,0.719,0.719,0,,
manga-05::Nyaa (Raw)::0::::0,manga-05,manga,Nyaa (Raw),Monster,ambiguous,off,live,results,75,75,66,66,1,0,0.985,0.985,0,,
manga-06::Apibay::0::::0,manga-06,manga,Apibay,20th Century Boys,numeric,on,live,empty,0,0,0,0,,0,5.984,,0,,
manga-06::Knaben::0::::0,manga-06,manga,Knaben,20th Century Boys,numeric,auto,live,results,13,13,11,11,1,0,0.688,0.688,0,,
manga-06::Nyaa (EN)::0::::0,manga-06,manga,Nyaa (EN),20th Century Boys,numeric,on,live,results,5,5,3,3,1,0,0.656,0.656,0,,
manga-06::Nyaa (Non-English)::0::::0,manga-06,manga,Nyaa (Non-English),20th Century Boys,numeric,off,live,results,6,6,6,6,1,0,1.0,1.0,0,,
manga-06::Nyaa (Raw)::0::::0,manga-06,manga,Nyaa (Raw),20th Century Boys,numeric,off,live,empty,0,0,0,0,,0,1.031,,0,,
manga-07::Apibay::0::::0,manga-07,manga,Apibay,Vagabond,popular,on,live,empty,0,0,0,0,,0,1.906,,0,,
manga-07::Knaben::0::::0,manga-07,manga,Knaben,Vagabond,popular,auto,live,results,50,50,50,50,1,0,1.016,1.016,0,,
manga-07::Nyaa (EN)::0::::0,manga-07,manga,Nyaa (EN),Vagabond,popular,on,live,results,26,26,26,26,1,0,0.922,0.922,0,,
manga-07::Nyaa (Non-English)::0::::0,manga-07,manga,Nyaa (Non-English),Vagabond,popular,off,live,results,16,16,16,16,1,0,1.157,1.157,0,,
manga-07::Nyaa (Raw)::0::::0,manga-07,manga,Nyaa (Raw),Vagabond,popular,off,live,results,10,10,10,10,1,0,0.75,0.75,0,,
manga-08::Apibay::0::::0,manga-08,manga,Apibay,Yotsuba,short,on,live,empty,0,0,0,0,,0,2.875,,0,,
manga-08::Knaben::0::::0,manga-08,manga,Knaben,Yotsuba,short,auto,live,results,10,10,10,10,1,0,0.969,0.969,0,,
manga-08::Nyaa (EN)::0::::0,manga-08,manga,Nyaa (EN),Yotsuba,short,on,live,results,42,42,12,12,1,0,0.844,0.844,0,,
manga-08::Nyaa (Non-English)::0::::0,manga-08,manga,Nyaa (Non-English),Yotsuba,short,off,live,empty,0,0,0,0,,0,0.922,,0,,
manga-08::Nyaa (Raw)::0::::0,manga-08,manga,Nyaa (Raw),Yotsuba,short,off,live,results,16,16,11,11,1,0,0.984,0.984,0,,
manga-09::Apibay::0::::0,manga-09,manga,Apibay,Yokohama Kaidashi Kikou,niche,on,live,empty,0,0,0,0,,0,6.875,,0,,
manga-09::Knaben::0::::0,manga-09,manga,Knaben,Yokohama Kaidashi Kikou,niche,auto,live,results,4,4,4,4,1,0,0.516,0.516,0,,
manga-09::Nyaa (EN)::0::::0,manga-09,manga,Nyaa (EN),Yokohama Kaidashi Kikou,niche,on,live,results,11,11,11,11,1,0,0.86,0.86,0,,
manga-09::Nyaa (Non-English)::0::::0,manga-09,manga,Nyaa (Non-English),Yokohama Kaidashi Kikou,niche,off,live,empty,0,0,0,0,,0,1.157,,0,,
manga-09::Nyaa (Raw)::0::::0,manga-09,manga,Nyaa (Raw),Yokohama Kaidashi Kikou,niche,off,live,results,4,4,4,4,1,0,1.015,1.015,0,,
manga-10::Apibay::0::::0,manga-10,manga,Apibay,Yokohama Shopping Log,alternate_title,on,live,empty,0,0,0,0,,0,5.156,,0,,
manga-10::Knaben::0::::0,manga-10,manga,Knaben,Yokohama Shopping Log,alternate_title,auto,live,empty,0,0,0,0,,0,0.485,,0,,
manga-10::Nyaa (EN)::0::::0,manga-10,manga,Nyaa (EN),Yokohama Shopping Log,alternate_title,on,live,empty,0,0,0,0,,0,0.703,,0,,
manga-10::Nyaa (Non-English)::0::::0,manga-10,manga,Nyaa (Non-English),Yokohama Shopping Log,alternate_title,off,live,empty,0,0,0,0,,0,0.969,,0,,
manga-10::Nyaa (Raw)::0::::0,manga-10,manga,Nyaa (Raw),Yokohama Shopping Log,alternate_title,off,live,empty,0,0,0,0,,0,1.016,,0,,
manga-11::Apibay::0::::0,manga-11,manga,Apibay,Witch Hat Atelier,recent,on,live,empty,0,0,0,0,,0,4.985,,0,,
manga-11::Knaben::0::::0,manga-11,manga,Knaben,Witch Hat Atelier,recent,auto,live,results,8,8,8,8,1,0,0.5,0.5,0,,
manga-11::Nyaa (EN)::0::::0,manga-11,manga,Nyaa (EN),Witch Hat Atelier,recent,on,live,results,14,14,14,14,1,0,0.828,0.828,0,,
manga-11::Nyaa (Non-English)::0::::0,manga-11,manga,Nyaa (Non-English),Witch Hat Atelier,recent,off,live,empty,0,0,0,0,,0,0.985,,0,,
manga-11::Nyaa (Raw)::0::::0,manga-11,manga,Nyaa (Raw),Witch Hat Atelier,recent,off,live,empty,0,0,0,0,,0,0.89,,0,,
manga-12::Apibay::0::::0,manga-12,manga,Apibay,Dungeon Meshi,recent,on,live,empty,0,0,0,0,,0,5.656,,0,,
manga-12::Knaben::0::::0,manga-12,manga,Knaben,Dungeon Meshi,recent,auto,live,results,2,2,2,2,1,0,1.015,1.015,0,,
manga-12::Nyaa (EN)::0::::0,manga-12,manga,Nyaa (EN),Dungeon Meshi,recent,on,live,results,3,3,3,3,1,0,0.625,0.625,0,,
manga-12::Nyaa (Non-English)::0::::0,manga-12,manga,Nyaa (Non-English),Dungeon Meshi,recent,off,live,empty,0,0,0,0,,0,0.969,,0,,
manga-12::Nyaa (Raw)::0::::0,manga-12,manga,Nyaa (Raw),Dungeon Meshi,recent,off,live,results,13,13,13,13,1,0,1.0,1.0,0,,
manga-13::Apibay::0::::0,manga-13,manga,Apibay,Frieren,recent,on,live,empty,0,0,0,0,,0,1.453,,0,,
manga-13::Knaben::0::::0,manga-13,manga,Knaben,Frieren,recent,auto,live,results,6,6,6,6,1,0,1.031,1.031,0,,
manga-13::Nyaa (EN)::0::::0,manga-13,manga,Nyaa (EN),Frieren,recent,on,live,results,52,52,52,52,1,0,1.235,1.235,0,,
manga-13::Nyaa (Non-English)::0::::0,manga-13,manga,Nyaa (Non-English),Frieren,recent,off,live,empty,0,0,0,0,,0,1.0,,0,,
manga-13::Nyaa (Raw)::0::::0,manga-13,manga,Nyaa (Raw),Frieren,recent,off,live,empty,0,0,0,0,,0,0.718,,0,,
manga-14::Apibay::0::::0,manga-14,manga,Apibay,Chainsaw Man,recent,on,live,empty,0,0,0,0,,0,4.953,,0,,
manga-14::Knaben::0::::0,manga-14,manga,Knaben,Chainsaw Man,recent,auto,live,results,33,33,33,33,1,0,1.0,1.0,0,,
manga-14::Nyaa (EN)::0::::0,manga-14,manga,Nyaa (EN),Chainsaw Man,recent,on,live,results,75,75,75,75,1,0,0.984,0.984,0,,
manga-14::Nyaa (Non-English)::0::::0,manga-14,manga,Nyaa (Non-English),Chainsaw Man,recent,off,live,results,2,2,2,2,1,0,0.969,0.969,0,,
manga-14::Nyaa (Raw)::0::::0,manga-14,manga,Nyaa (Raw),Chainsaw Man,recent,off,live,results,9,9,8,8,1,0,0.672,0.672,0,,
manga-15::Apibay::0::::0,manga-15,manga,Apibay,Dandadan,recent,on,live,empty,0,0,0,0,,0,1.422,,0,,
manga-15::Knaben::0::::0,manga-15,manga,Knaben,Dandadan,recent,auto,live,results,15,15,15,15,1,0,0.688,0.688,0,,
manga-15::Nyaa (EN)::0::::0,manga-15,manga,Nyaa (EN),Dandadan,recent,on,live,results,75,75,75,75,1,0,1.062,1.062,0,,
manga-15::Nyaa (Non-English)::0::::0,manga-15,manga,Nyaa (Non-English),Dandadan,recent,off,live,empty,0,0,0,0,,0,0.984,,0,,
manga-15::Nyaa (Raw)::0::::0,manga-15,manga,Nyaa (Raw),Dandadan,recent,off,live,results,5,5,5,5,1,0,0.844,0.844,0,,
manga-16::Apibay::0::::0,manga-16,manga,Apibay,Sakamoto Days,recent,on,live,empty,0,0,0,0,,0,6.516,,0,,
manga-16::Knaben::0::::0,manga-16,manga,Knaben,Sakamoto Days,recent,auto,live,results,1,1,1,1,1,0,0.75,0.75,0,,
manga-16::Nyaa (EN)::0::::0,manga-16,manga,Nyaa (EN),Sakamoto Days,recent,on,live,results,21,21,21,21,1,0,0.859,0.859,0,,
manga-16::Nyaa (Non-English)::0::::0,manga-16,manga,Nyaa (Non-English),Sakamoto Days,recent,off,live,empty,0,0,0,0,,0,0.86,,0,,
manga-16::Nyaa (Raw)::0::::0,manga-16,manga,Nyaa (Raw),Sakamoto Days,recent,off,live,results,38,38,38,38,1,0,0.984,0.984,0,,
manga-17::Apibay::0::::0,manga-17,manga,Apibay,Akane-banashi,recent,on,live,empty,0,0,0,0,,0,6.172,,0,,
manga-17::Knaben::0::::0,manga-17,manga,Knaben,Akane-banashi,recent,auto,live,results,1,1,1,1,1,0,0.797,0.797,0,,
manga-17::Nyaa (EN)::0::::0,manga-17,manga,Nyaa (EN),Akane-banashi,recent,on,live,results,21,21,21,21,1,0,1.031,1.031,0,,
manga-17::Nyaa (Non-English)::0::::0,manga-17,manga,Nyaa (Non-English),Akane-banashi,recent,off,live,empty,0,0,0,0,,0,1.0,,0,,
manga-17::Nyaa (Raw)::0::::0,manga-17,manga,Nyaa (Raw),Akane-banashi,recent,off,live,empty,0,0,0,0,,0,0.719,,0,,
manga-18::Apibay::0::::0,manga-18,manga,Apibay,Saki,short,on,live,empty,0,0,0,0,,0,2.047,,0,,
manga-18::Knaben::0::::0,manga-18,manga,Knaben,Saki,short,auto,live,results,43,43,30,30,2,0,1.437,1.437,0,,
manga-18::Nyaa (EN)::0::::0,manga-18,manga,Nyaa (EN),Saki,short,on,live,results,63,63,36,36,1,0,0.781,0.781,0,,
manga-18::Nyaa (Non-English)::0::::0,manga-18,manga,Nyaa (Non-English),Saki,short,off,live,results,7,7,4,4,4,0,0.781,0.781,0,,
manga-18::Nyaa (Raw)::0::::0,manga-18,manga,Nyaa (Raw),Saki,short,off,live,results,75,75,55,55,2,0,0.969,0.969,0,,
manga-19::Apibay::0::::0,manga-19,manga,Apibay,Akagi,topic_mahjong,on,live,empty,0,0,0,0,,0,2.0,,0,,
manga-19::Knaben::0::::0,manga-19,manga,Knaben,Akagi,topic_mahjong,auto,live,results,4,4,4,4,1,0,0.766,0.766,0,,
manga-19::Nyaa (EN)::0::::0,manga-19,manga,Nyaa (EN),Akagi,topic_mahjong,on,live,results,3,3,3,3,1,0,0.625,0.625,0,,
manga-19::Nyaa (Non-English)::0::::0,manga-19,manga,Nyaa (Non-English),Akagi,topic_mahjong,off,live,empty,0,0,0,0,,0,0.969,,0,,
manga-19::Nyaa (Raw)::0::::0,manga-19,manga,Nyaa (Raw),Akagi,topic_mahjong,off,live,results,19,19,19,19,1,0,1.015,1.015,0,,
manga-20::Apibay::0::::0,manga-20,manga,Apibay,Hikaru no Go,old,on,live,empty,0,0,0,0,,0,8.031,,0,,
manga-20::Knaben::0::::0,manga-20,manga,Knaben,Hikaru no Go,old,auto,live,results,5,5,5,5,1,0,1.0,1.0,0,,
manga-20::Nyaa (EN)::0::::0,manga-20,manga,Nyaa (EN),Hikaru no Go,old,on,live,results,2,2,2,2,1,0,0.547,0.547,0,,
manga-20::Nyaa (Non-English)::0::::0,manga-20,manga,Nyaa (Non-English),Hikaru no Go,old,off,live,empty,0,0,0,0,,0,0.984,,0,,
manga-20::Nyaa (Raw)::0::::0,manga-20,manga,Nyaa (Raw),Hikaru no Go,old,off,live,results,4,4,4,4,1,0,0.985,0.985,0,,
manga-21::Apibay::0::::0,manga-21,manga,Apibay,Rose of Versailles,old,on,live,empty,0,0,0,0,,0,7.984,,0,,
manga-21::Knaben::0::::0,manga-21,manga,Knaben,Rose of Versailles,old,auto,live,results,4,4,4,4,1,0,0.765,0.765,0,,
manga-21::Nyaa (EN)::0::::0,manga-21,manga,Nyaa (EN),Rose of Versailles,old,on,live,results,3,3,3,3,1,0,0.844,0.844,0,,
manga-21::Nyaa (Non-English)::0::::0,manga-21,manga,Nyaa (Non-English),Rose of Versailles,old,off,live,results,1,1,1,1,1,0,0.984,0.984,0,,
manga-21::Nyaa (Raw)::0::::0,manga-21,manga,Nyaa (Raw),Rose of Versailles,old,off,live,results,1,1,1,1,1,0,1.031,1.031,0,,
manga-22::Apibay::0::::0,manga-22,manga,Apibay,Phoenix,old,on,live,empty,0,0,0,0,,0,2.016,,0,,
manga-22::Knaben::0::::0,manga-22,manga,Knaben,Phoenix,old,auto,live,results,37,37,31,31,1,0,1.5,1.5,0,,
manga-22::Nyaa (EN)::0::::0,manga-22,manga,Nyaa (EN),Phoenix,old,on,live,results,13,13,8,8,1,0,1.0,1.0,0,,
manga-22::Nyaa (Non-English)::0::::0,manga-22,manga,Nyaa (Non-English),Phoenix,old,off,live,results,4,4,3,3,1,0,0.984,0.984,0,,
manga-22::Nyaa (Raw)::0::::0,manga-22,manga,Nyaa (Raw),Phoenix,old,off,live,results,5,5,5,5,1,0,1.0,1.0,0,,
manga-23::Apibay::0::::0,manga-23,manga,Apibay,Nausicaa of the Valley of the Wind,old,on,live,empty,0,0,0,0,,0,8.531,,0,,
manga-23::Knaben::0::::0,manga-23,manga,Knaben,Nausicaa of the Valley of the Wind,old,auto,live,results,7,7,5,5,1,0,0.968,0.968,0,,
manga-23::Nyaa (EN)::0::::0,manga-23,manga,Nyaa (EN),Nausicaa of the Valley of the Wind,old,on,live,results,4,4,4,4,1,0,1.016,1.016,0,,
manga-23::Nyaa (Non-English)::0::::0,manga-23,manga,Nyaa (Non-English),Nausicaa of the Valley of the Wind,old,off,live,empty,0,0,0,0,,0,0.969,,0,,
manga-23::Nyaa (Raw)::0::::0,manga-23,manga,Nyaa (Raw),Nausicaa of the Valley of the Wind,old,off,live,empty,0,0,0,0,,0,1.015,,0,,
manga-24::Apibay::0::::0,manga-24,manga,Apibay,Otoyomegatari,niche,on,live,empty,0,0,0,0,,0,2.0,,0,,
manga-24::Knaben::0::::0,manga-24,manga,Knaben,Otoyomegatari,niche,auto,live,results,2,2,2,2,1,0,0.734,0.734,0,,
manga-24::Nyaa (EN)::0::::0,manga-24,manga,Nyaa (EN),Otoyomegatari,niche,on,live,results,7,7,7,7,1,0,0.531,0.531,0,,
manga-24::Nyaa (Non-English)::0::::0,manga-24,manga,Nyaa (Non-English),Otoyomegatari,niche,off,live,empty,0,0,0,0,,0,1.0,,0,,
manga-24::Nyaa (Raw)::0::::0,manga-24,manga,Nyaa (Raw),Otoyomegatari,niche,off,live,results,17,17,17,17,1,0,1.032,1.032,0,,
manga-25::Apibay::0::::0,manga-25,manga,Apibay,BERSERK,capitalization,on,live,empty,0,0,0,0,,0,3.015,,0,,
manga-25::Knaben::0::::0,manga-25,manga,Knaben,BERSERK,capitalization,auto,live,results,49,49,48,48,1,0,1.0,1.0,0,,
manga-25::Nyaa (EN)::0::::0,manga-25,manga,Nyaa (EN),BERSERK,capitalization,on,live,results,75,75,72,72,1,0,1.032,1.032,0,,
manga-25::Nyaa (Non-English)::0::::0,manga-25,manga,Nyaa (Non-English),BERSERK,capitalization,off,live,results,8,8,8,8,1,0,1.859,1.859,0,,
manga-25::Nyaa (Raw)::0::::0,manga-25,manga,Nyaa (Raw),BERSERK,capitalization,off,live,results,25,25,24,24,1,0,0.796,0.796,0,,
manga-26::Apibay::0::::0,manga-26,manga,Apibay,咲-Saki-,unicode,on,live,empty,0,0,0,0,,0,1.688,,0,,
manga-26::Knaben::0::::0,manga-26,manga,Knaben,咲-Saki-,unicode,auto,live,results,7,7,7,7,1,0,0.532,0.532,0,,
manga-26::Nyaa (EN)::0::::0,manga-26,manga,Nyaa (EN),咲-Saki-,unicode,on,live,results,1,1,1,1,1,0,1.016,1.016,0,,
manga-26::Nyaa (Non-English)::0::::0,manga-26,manga,Nyaa (Non-English),咲-Saki-,unicode,off,live,results,3,3,3,3,1,0,0.828,0.828,0,,
manga-26::Nyaa (Raw)::0::::0,manga-26,manga,Nyaa (Raw),咲-Saki-,unicode,off,live,results,75,75,75,75,1,0,1.234,1.234,0,,
manga-27::Apibay::0::::0,manga-27,manga,Apibay,One Piece v01,volume,on,live,empty,0,0,0,0,,0,10.0,,0,,
manga-27::Knaben::0::::0,manga-27,manga,Knaben,One Piece v01,volume,auto,live,results,3,3,3,2,1,0,1.031,1.031,0,,
manga-27::Nyaa (EN)::0::::0,manga-27,manga,Nyaa (EN),One Piece v01,volume,on,live,results,7,7,7,6,1,0,0.766,0.766,0,,
manga-27::Nyaa (Non-English)::0::::0,manga-27,manga,Nyaa (Non-English),One Piece v01,volume,off,live,empty,0,0,0,0,,0,0.875,,0,,
manga-27::Nyaa (Raw)::0::::0,manga-27,manga,Nyaa (Raw),One Piece v01,volume,off,live,results,2,2,2,2,1,0,1.187,1.187,0,,
manga-28::Apibay::0::::0,manga-28,manga,Apibay,Berserk complete,batch,on,live,empty,0,0,0,0,,0,8.578,,0,,
manga-28::Knaben::0::::0,manga-28,manga,Knaben,Berserk complete,batch,auto,live,results,1,1,1,1,1,0,0.484,0.484,0,,
manga-28::Nyaa (EN)::0::::0,manga-28,manga,Nyaa (EN),Berserk complete,batch,on,live,empty,0,0,0,0,,0,1.0,,0,,
manga-28::Nyaa (Non-English)::0::::0,manga-28,manga,Nyaa (Non-English),Berserk complete,batch,off,live,empty,0,0,0,0,,0,0.922,,0,,
manga-28::Nyaa (Raw)::0::::0,manga-28,manga,Nyaa (Raw),Berserk complete,batch,off,live,empty,0,0,0,0,,0,1.093,,0,,
manga-29::Apibay::0::::0,manga-29,manga,Apibay,Twenty First Century Boys,numeric_variant,on,live,empty,0,0,0,0,,0,6.0,,0,,
manga-29::Knaben::0::::0,manga-29,manga,Knaben,Twenty First Century Boys,numeric_variant,auto,live,empty,0,0,0,0,,0,1.016,,0,,
manga-29::Nyaa (EN)::0::::0,manga-29,manga,Nyaa (EN),Twenty First Century Boys,numeric_variant,on,live,empty,0,0,0,0,,0,0.875,,0,,
manga-29::Nyaa (Non-English)::0::::0,manga-29,manga,Nyaa (Non-English),Twenty First Century Boys,numeric_variant,off,live,empty,0,0,0,0,,0,0.547,,0,,
manga-29::Nyaa (Raw)::0::::0,manga-29,manga,Nyaa (Raw),Twenty First Century Boys,numeric_variant,off,live,empty,0,0,0,0,,0,1.437,,0,,
manga-30::Apibay::0::::0,manga-30,manga,Apibay,Berserk português,pt_br,on,live,timeout,0,0,0,0,,0,11.344,,0,,
manga-30::Knaben::0::::0,manga-30,manga,Knaben,Berserk português,pt_br,auto,live,empty,0,0,0,0,,0,1.0,,0,,
manga-30::Nyaa (EN)::0::::0,manga-30,manga,Nyaa (EN),Berserk português,pt_br,on,live,empty,0,0,0,0,,0,0.719,,0,,
manga-30::Nyaa (Non-English)::0::::0,manga-30,manga,Nyaa (Non-English),Berserk português,pt_br,off,live,empty,0,0,0,0,,0,0.547,,0,,
manga-30::Nyaa (Raw)::0::::0,manga-30,manga,Nyaa (Raw),Berserk português,pt_br,off,live,empty,0,0,0,0,,0,1.562,,0,,
manga-31::Apibay::0::::0,manga-31,manga,Apibay,ダンジョン飯,native_alias,on,live,empty,0,0,0,0,,0,1.844,,0,,
manga-31::Knaben::0::::0,manga-31,manga,Knaben,ダンジョン飯,native_alias,auto,live,results,2,2,1,1,1,0,1.015,1.015,0,,
manga-31::Nyaa (EN)::0::::0,manga-31,manga,Nyaa (EN),ダンジョン飯,native_alias,on,live,empty,0,0,0,0,,0,1.234,,0,,
manga-31::Nyaa (Non-English)::0::::0,manga-31,manga,Nyaa (Non-English),ダンジョン飯,native_alias,off,live,empty,0,0,0,0,,0,0.688,,0,,
manga-31::Nyaa (Raw)::0::::0,manga-31,manga,Nyaa (Raw),ダンジョン飯,native_alias,off,live,results,49,49,47,47,1,0,1.032,1.032,0,,
manga-32::Apibay::0::::0,manga-32,manga,Apibay,zzqvaudit7f29nonexistent,negative_control,on,live,empty,0,0,0,0,,0,2.016,,0,,
manga-32::Knaben::0::::0,manga-32,manga,Knaben,zzqvaudit7f29nonexistent,negative_control,auto,live,empty,0,0,0,0,,0,1.0,,0,,
manga-32::Nyaa (EN)::0::::0,manga-32,manga,Nyaa (EN),zzqvaudit7f29nonexistent,negative_control,on,live,empty,0,0,0,0,,0,0.984,,0,,
manga-32::Nyaa (Non-English)::0::::0,manga-32,manga,Nyaa (Non-English),zzqvaudit7f29nonexistent,negative_control,off,live,empty,0,0,0,0,,0,0.953,,0,,
manga-32::Nyaa (Raw)::0::::0,manga-32,manga,Nyaa (Raw),zzqvaudit7f29nonexistent,negative_control,off,live,empty,0,0,0,0,,0,1.016,,0,,
mobile-01::Apibay::0::::0,mobile-01,mobile,Apibay,Minecraft,popular,on,live,empty,0,0,0,0,,0,2.016,,0,,
mobile-01::Knaben::0::::0,mobile-01,mobile,Knaben,Minecraft,popular,auto,live,results,48,48,48,48,1,0,1.016,1.016,0,,
mobile-01::SolidTorrents::0::::0,mobile-01,mobile,SolidTorrents,Minecraft,popular,off,live,results,20,20,20,20,1,0,2.078,2.078,0,,
mobile-02::Apibay::0::::0,mobile-02,mobile,Apibay,Stardew Valley,game,on,live,empty,0,0,0,0,,0,6.0,,0,,
mobile-02::Knaben::0::::0,mobile-02,mobile,Knaben,Stardew Valley,game,auto,live,results,1,1,1,1,1,0,0.516,0.516,0,,
mobile-02::SolidTorrents::0::::0,mobile-02,mobile,SolidTorrents,Stardew Valley,game,off,live,results,20,20,20,20,1,0,2.031,2.031,0,,
mobile-03::Apibay::0::::0,mobile-03,mobile,Apibay,Terraria,game,on,live,empty,0,0,0,0,,0,2.032,,0,,
mobile-03::Knaben::0::::0,mobile-03,mobile,Knaben,Terraria,game,auto,live,results,5,5,5,5,1,0,0.719,0.719,0,,
mobile-03::SolidTorrents::0::::0,mobile-03,mobile,SolidTorrents,Terraria,game,,not_run,unknown_circuit_open,0,0,,,,,,,0,,
mobile-04::Apibay::0::::0,mobile-04,mobile,Apibay,Dead Cells,game,on,live,empty,0,0,0,0,,0,6.547,,0,,
mobile-04::Knaben::0::::0,mobile-04,mobile,Knaben,Dead Cells,game,auto,live,empty,0,0,0,0,,0,0.484,,0,,
mobile-04::SolidTorrents::0::::0,mobile-04,mobile,SolidTorrents,Dead Cells,game,,not_run,unknown_circuit_open,0,0,,,,,,,0,,
mobile-05::Apibay::0::::0,mobile-05,mobile,Apibay,Slay the Spire,game,on,live,empty,0,0,0,0,,0,7.969,,0,,
mobile-05::Knaben::0::::0,mobile-05,mobile,Knaben,Slay the Spire,game,auto,live,empty,0,0,0,0,,0,0.5,,0,,
mobile-05::SolidTorrents::0::::0,mobile-05,mobile,SolidTorrents,Slay the Spire,game,,not_run,unknown_circuit_open,0,0,,,,,,,0,,
mobile-06::Apibay::0::::0,mobile-06,mobile,Apibay,Monument Valley,game,on,live,empty,0,0,0,0,,0,6.0,,0,,
mobile-06::Knaben::0::::0,mobile-06,mobile,Knaben,Monument Valley,game,auto,live,results,7,7,5,5,1,0,0.766,0.766,0,,
mobile-06::SolidTorrents::0::::0,mobile-06,mobile,SolidTorrents,Monument Valley,game,,not_run,unknown_circuit_open,0,0,,,,,,,0,,
mobile-07::Apibay::0::::0,mobile-07,mobile,Apibay,Monument Valley 2,sequel,on,live,empty,0,0,0,0,,0,5.188,,0,,
mobile-07::Knaben::0::::0,mobile-07,mobile,Knaben,Monument Valley 2,sequel,auto,live,results,7,7,2,2,6,0,0.454,0.454,0,,
mobile-07::SolidTorrents::0::::0,mobile-07,mobile,SolidTorrents,Monument Valley 2,sequel,,not_run,unknown_circuit_open,0,0,,,,,,,0,,
mobile-08::Apibay::0::::0,mobile-08,mobile,Apibay,Geometry Dash,game,on,live,empty,0,0,0,0,,0,5.969,,0,,
mobile-08::Knaben::0::::0,mobile-08,mobile,Knaben,Geometry Dash,game,auto,live,results,10,10,10,10,1,0,0.985,0.985,0,,
mobile-08::SolidTorrents::0::::0,mobile-08,mobile,SolidTorrents,Geometry Dash,game,,not_run,unknown_circuit_open,0,0,,,,,,,0,,
mobile-09::Apibay::0::::0,mobile-09,mobile,Apibay,Plants vs Zombies,game,on,live,empty,0,0,0,0,,0,8.875,,0,,
mobile-09::Knaben::0::::0,mobile-09,mobile,Knaben,Plants vs Zombies,game,auto,live,results,29,29,27,27,1,0,1.5,1.5,0,,
mobile-09::SolidTorrents::0::::0,mobile-09,mobile,SolidTorrents,Plants vs Zombies,game,,not_run,unknown_circuit_open,0,0,,,,,,,0,,
mobile-10::Apibay::0::::0,mobile-10,mobile,Apibay,Mini Metro,niche,on,live,empty,0,0,0,0,,0,6.844,,0,,
mobile-10::Knaben::0::::0,mobile-10,mobile,Knaben,Mini Metro,niche,auto,live,results,1,1,1,1,1,0,0.969,0.969,0,,
mobile-10::SolidTorrents::0::::0,mobile-10,mobile,SolidTorrents,Mini Metro,niche,,not_run,unknown_circuit_open,0,0,,,,,,,0,,
mobile-11::Apibay::0::::0,mobile-11,mobile,Apibay,Bloons TD 6,game,on,live,empty,0,0,0,0,,0,8.046,,0,,
mobile-11::Knaben::0::::0,mobile-11,mobile,Knaben,Bloons TD 6,game,auto,live,empty,0,0,0,0,,0,1.015,,0,,
mobile-11::SolidTorrents::0::::0,mobile-11,mobile,SolidTorrents,Bloons TD 6,game,,not_run,unknown_circuit_open,0,0,,,,,,,0,,
mobile-12::Apibay::0::::0,mobile-12,mobile,Apibay,Vampire Survivors,recent,on,live,empty,0,0,0,0,,0,7.938,,0,,
mobile-12::Knaben::0::::0,mobile-12,mobile,Knaben,Vampire Survivors,recent,auto,live,empty,0,0,0,0,,0,0.985,,0,,
mobile-12::SolidTorrents::0::::0,mobile-12,mobile,SolidTorrents,Vampire Survivors,recent,,not_run,unknown_circuit_open,0,0,,,,,,,0,,
mobile-13::Apibay::0::::0,mobile-13,mobile,Apibay,Poweramp,audio,on,live,empty,0,0,0,0,,0,2.547,,0,,
mobile-13::Knaben::0::::0,mobile-13,mobile,Knaben,Poweramp,audio,auto,live,results,37,37,37,37,1,0,1.485,1.485,0,,
mobile-13::SolidTorrents::0::::0,mobile-13,mobile,SolidTorrents,Poweramp,audio,,not_run,unknown_circuit_open,0,0,,,,,,,0,,
mobile-14::Apibay::0::::0,mobile-14,mobile,Apibay,Tasker,utility,on,live,empty,0,0,0,0,,0,2.032,,0,,
mobile-14::Knaben::0::::0,mobile-14,mobile,Knaben,Tasker,utility,auto,live,results,12,12,11,11,1,0,0.734,0.734,0,,
mobile-14::SolidTorrents::0::::0,mobile-14,mobile,SolidTorrents,Tasker,utility,,not_run,unknown_circuit_open,0,0,,,,,,,0,,
mobile-15::Apibay::0::::0,mobile-15,mobile,Apibay,Nova Launcher,utility,on,live,empty,0,0,0,0,,0,6.547,,0,,
mobile-15::Knaben::0::::0,mobile-15,mobile,Knaben,Nova Launcher,utility,auto,live,results,41,41,40,40,1,0,1.312,1.312,0,,
mobile-15::SolidTorrents::0::::0,mobile-15,mobile,SolidTorrents,Nova Launcher,utility,,not_run,unknown_circuit_open,0,0,,,,,,,0,,
mobile-16::Apibay::0::::0,mobile-16,mobile,Apibay,Moon Reader,reader,on,live,empty,0,0,0,0,,0,6.016,,0,,
mobile-16::Knaben::0::::0,mobile-16,mobile,Knaben,Moon Reader,reader,auto,live,results,34,34,31,31,1,0,1.485,1.485,0,,
mobile-16::SolidTorrents::0::::0,mobile-16,mobile,SolidTorrents,Moon Reader,reader,,not_run,unknown_circuit_open,0,0,,,,,,,0,,
mobile-17::Apibay::0::::0,mobile-17,mobile,Apibay,Solid Explorer,utility,on,live,empty,0,0,0,0,,0,6.0,,0,,
mobile-17::Knaben::0::::0,mobile-17,mobile,Knaben,Solid Explorer,utility,auto,live,results,10,10,9,9,1,0,1.234,1.234,0,,
mobile-17::SolidTorrents::0::::0,mobile-17,mobile,SolidTorrents,Solid Explorer,utility,,not_run,unknown_circuit_open,0,0,,,,,,,0,,
mobile-18::Apibay::0::::0,mobile-18,mobile,Apibay,MX Player,video,on,live,empty,0,0,0,0,,0,7.969,,0,,
mobile-18::Knaben::0::::0,mobile-18,mobile,Knaben,MX Player,video,auto,live,results,46,46,43,43,1,0,0.953,0.953,0,,
mobile-18::SolidTorrents::0::::0,mobile-18,mobile,SolidTorrents,MX Player,video,,not_run,unknown_circuit_open,0,0,,,,,,,0,,
mobile-19::Apibay::0::::0,mobile-19,mobile,Apibay,VLC,open_source,on,live,results,4,4,4,4,1,0,1.156,1.156,0,,
mobile-19::Knaben::0::::0,mobile-19,mobile,Knaben,VLC,open_source,auto,live,results,7,7,7,7,1,0,0.984,0.984,0,,
mobile-19::SolidTorrents::0::::0,mobile-19,mobile,SolidTorrents,VLC,open_source,,not_run,unknown_circuit_open,0,0,,,,,,,0,,
mobile-20::Apibay::0::::0,mobile-20,mobile,Apibay,OsmAnd,open_source,on,live,empty,0,0,0,0,,0,3.563,,0,,
mobile-20::Knaben::0::::0,mobile-20,mobile,Knaben,OsmAnd,open_source,auto,live,results,26,26,26,26,1,0,1.5,1.5,0,,
mobile-20::SolidTorrents::0::::0,mobile-20,mobile,SolidTorrents,OsmAnd,open_source,,not_run,unknown_circuit_open,0,0,,,,,,,0,,
mobile-21::Apibay::0::::0,mobile-21,mobile,Apibay,Organic Maps,open_source,on,live,empty,0,0,0,0,,0,5.985,,0,,
mobile-21::Knaben::0::::0,mobile-21,mobile,Knaben,Organic Maps,open_source,auto,live,empty,0,0,0,0,,0,1.0,,0,,
mobile-21::SolidTorrents::0::::0,mobile-21,mobile,SolidTorrents,Organic Maps,open_source,,not_run,unknown_circuit_open,0,0,,,,,,,0,,
mobile-22::Apibay::0::::0,mobile-22,mobile,Apibay,K-9 Mail,open_source,on,live,empty,0,0,0,0,,0,7.969,,0,,
mobile-22::Knaben::0::::0,mobile-22,mobile,Knaben,K-9 Mail,open_source,auto,live,empty,0,0,0,0,,0,0.562,,0,,
mobile-22::SolidTorrents::0::::0,mobile-22,mobile,SolidTorrents,K-9 Mail,open_source,,not_run,unknown_circuit_open,0,0,,,,,,,0,,
mobile-23::Apibay::0::::0,mobile-23,mobile,Apibay,Signal,open_source,on,live,empty,0,0,0,0,,0,1.969,,0,,
mobile-23::Knaben::0::::0,mobile-23,mobile,Knaben,Signal,open_source,auto,live,results,4,4,4,4,1,0,1.016,1.016,0,,
mobile-23::SolidTorrents::0::::0,mobile-23,mobile,SolidTorrents,Signal,open_source,,not_run,unknown_circuit_open,0,0,,,,,,,0,,
mobile-24::Apibay::0::::0,mobile-24,mobile,Apibay,AnkiDroid,open_source,on,live,empty,0,0,0,0,,0,3.0,,0,,
mobile-24::Knaben::0::::0,mobile-24,mobile,Knaben,AnkiDroid,open_source,auto,live,empty,0,0,0,0,,0,1.016,,0,,
mobile-24::SolidTorrents::0::::0,mobile-24,mobile,SolidTorrents,AnkiDroid,open_source,,not_run,unknown_circuit_open,0,0,,,,,,,0,,
mobile-25::Apibay::0::::0,mobile-25,mobile,Apibay,MINECRAFT,capitalization,on,live,empty,0,0,0,0,,0,2.985,,0,,
mobile-25::Knaben::0::::0,mobile-25,mobile,Knaben,MINECRAFT,capitalization,auto,live,results,48,48,48,48,1,0,1.0,1.0,0,,
mobile-25::SolidTorrents::0::::0,mobile-25,mobile,SolidTorrents,MINECRAFT,capitalization,,not_run,unknown_circuit_open,0,0,,,,,,,0,,
mobile-26::Apibay::0::::0,mobile-26,mobile,Apibay,Minecraft apk,format,on,live,empty,0,0,0,0,,0,8.89,,0,,
mobile-26::Knaben::0::::0,mobile-26,mobile,Knaben,Minecraft apk,format,auto,live,results,29,29,28,27,1,0,1.515,1.515,0,,
mobile-26::SolidTorrents::0::::0,mobile-26,mobile,SolidTorrents,Minecraft apk,format,,not_run,unknown_circuit_open,0,0,,,,,,,0,,
mobile-27::Apibay::0::::0,mobile-27,mobile,Apibay,Minecraft obb,format,on,live,empty,0,0,0,0,,0,7.156,,0,,
mobile-27::Knaben::0::::0,mobile-27,mobile,Knaben,Minecraft obb,format,auto,live,empty,0,0,0,0,,0,1.016,,0,,
mobile-27::SolidTorrents::0::::0,mobile-27,mobile,SolidTorrents,Minecraft obb,format,,not_run,unknown_circuit_open,0,0,,,,,,,0,,
mobile-28::Apibay::0::::0,mobile-28,mobile,Apibay,Poweramp mod,edition,on,live,timeout,0,0,0,0,,0,10.656,,0,,
mobile-28::Knaben::0::::0,mobile-28,mobile,Knaben,Poweramp mod,edition,auto,live,results,1,1,1,1,1,0,1.016,1.016,0,,
mobile-28::SolidTorrents::0::::0,mobile-28,mobile,SolidTorrents,Poweramp mod,edition,,not_run,unknown_circuit_open,0,0,,,,,,,0,,
mobile-29::Apibay::0::::0,mobile-29,mobile,Apibay,Moon+ Reader,punctuation_variant,on,live,empty,0,0,0,0,,0,7.984,,0,,
mobile-29::Knaben::0::::0,mobile-29,mobile,Knaben,Moon+ Reader,punctuation_variant,auto,live,results,34,34,31,31,1,0,1.531,1.531,0,,
mobile-29::SolidTorrents::0::::0,mobile-29,mobile,SolidTorrents,Moon+ Reader,punctuation_variant,,not_run,unknown_circuit_open,0,0,,,,,,,0,,
mobile-30::Apibay::0::::0,mobile-30,mobile,Apibay,Minecraft português,pt_br,on,live,empty,0,0,0,0,,0,10.047,,0,,
mobile-30::Knaben::0::::0,mobile-30,mobile,Knaben,Minecraft português,pt_br,auto,live,empty,0,0,0,0,,0,1.0,,0,,
mobile-30::SolidTorrents::0::::0,mobile-30,mobile,SolidTorrents,Minecraft português,pt_br,,not_run,unknown_circuit_open,0,0,,,,,,,0,,
mobile-31::Apibay::0::::0,mobile-31,mobile,Apibay,我的世界,unicode,on,live,empty,0,0,0,0,,0,1.047,,0,,
mobile-31::Knaben::0::::0,mobile-31,mobile,Knaben,我的世界,unicode,auto,live,empty,0,0,0,0,,0,1.0,,0,,
mobile-31::SolidTorrents::0::::0,mobile-31,mobile,SolidTorrents,我的世界,unicode,,not_run,unknown_circuit_open,0,0,,,,,,,0,,
mobile-32::Apibay::0::::0,mobile-32,mobile,Apibay,zzqvaudit7f29nonexistent,negative_control,on,live,empty,0,0,0,0,,0,2.0,,0,,
mobile-32::Knaben::0::::0,mobile-32,mobile,Knaben,zzqvaudit7f29nonexistent,negative_control,auto,live,empty,0,0,0,0,,0,1.015,,0,,
mobile-32::SolidTorrents::0::::0,mobile-32,mobile,SolidTorrents,zzqvaudit7f29nonexistent,negative_control,,not_run,unknown_circuit_open,0,0,,,,,,,0,,
movies-01::Apibay::0::::0,movies-01,movies,Apibay,The Matrix,popular,on,live,results,74,74,27,27,1,0,2.015,2.015,0,,
movies-01::Knaben::0::::0,movies-01,movies,Knaben,The Matrix,popular,auto,live,results,45,45,18,18,1,0,1.0,1.0,0,,
movies-01::Nyaa::0::::0,movies-01,movies,Nyaa,The Matrix,popular,on,live,empty,0,0,0,0,,0,0.812,,0,,
movies-01::Nyaa::0::::3,movies-01,movies,Nyaa,The Matrix,popular,on,live,empty,0,0,0,0,,0,0.594,,3,,
movies-01::SolidTorrents::0::::0,movies-01,movies,SolidTorrents,The Matrix,popular,off,live,results,20,20,6,6,2,0,1.859,1.859,0,,
movies-01::SolidTorrents::0::::3,movies-01,movies,SolidTorrents,The Matrix,popular,off,live,results,20,20,6,6,2,0,1.328,1.328,3,,
movies-01::YTS::0::::0,movies-01,movies,YTS,The Matrix,popular,off,live,results,22,22,7,7,6,0,0.437,0.437,0,,
movies-01::YTS::0::::3,movies-01,movies,YTS,The Matrix,popular,off,live,results,22,22,7,7,6,0,0.406,0.406,3,,
movies-02::Apibay::0::::0,movies-02,movies,Apibay,Finding Nemo,popular,on,live,results,96,96,96,96,1,0,8.797,8.797,0,,
movies-02::Knaben::0::::0,movies-02,movies,Knaben,Finding Nemo,popular,auto,live,results,47,47,47,47,1,0,1.703,1.703,0,,
movies-02::Nyaa::0::::0,movies-02,movies,Nyaa,Finding Nemo,popular,on,live,empty,0,0,0,0,,0,1.031,,0,,
movies-02::SolidTorrents::0::::0,movies-02,movies,SolidTorrents,Finding Nemo,popular,off,live,results,20,20,20,20,1,0,2.0,2.0,0,,
movies-02::YTS::0::::0,movies-02,movies,YTS,Finding Nemo,popular,off,live,results,4,4,4,4,1,0,0.984,0.984,0,,
movies-03::Apibay::0::::0,movies-03,movies,Apibay,Inception,popular,on,live,results,64,64,64,64,1,0,2.453,2.453,0,,
movies-03::Knaben::0::::0,movies-03,movies,Knaben,Inception,popular,auto,live,results,47,47,47,47,1,0,1.484,1.484,0,,
movies-03::Nyaa::0::::0,movies-03,movies,Nyaa,Inception,popular,on,live,empty,0,0,0,0,,0,0.734,,0,,
movies-03::SolidTorrents::0::::0,movies-03,movies,SolidTorrents,Inception,popular,,not_run,unknown_circuit_open,0,0,,,,,,,0,,
movies-03::YTS::0::::0,movies-03,movies,YTS,Inception,popular,off,live,results,3,3,3,3,1,0,0.375,0.375,0,,
movies-04::Apibay::0::::0,movies-04,movies,Apibay,Dune,ambiguous,on,live,results,72,72,49,49,2,0,0.484,0.484,0,,
movies-04::Knaben::0::::0,movies-04,movies,Knaben,Dune,ambiguous,auto,live,results,43,43,28,28,2,0,1.75,1.75,0,,
movies-04::Nyaa::0::::0,movies-04,movies,Nyaa,Dune,ambiguous,on,live,empty,0,0,0,0,,0,1.0,,0,,
movies-04::SolidTorrents::0::::0,movies-04,movies,SolidTorrents,Dune,ambiguous,,not_run,unknown_circuit_open,0,0,,,,,,,0,,
movies-04::YTS::0::::0,movies-04,movies,YTS,Dune,ambiguous,off,live,results,45,45,31,31,5,0,1.782,1.782,0,,
movies-05::Apibay::0::::0,movies-05,movies,Apibay,Dune Part Two,sequel,on,live,results,57,57,57,57,1,0,1.438,1.438,0,,
movies-05::Knaben::0::::0,movies-05,movies,Knaben,Dune Part Two,sequel,auto,live,results,44,44,44,44,1,0,1.75,1.75,0,,
movies-05::Nyaa::0::::0,movies-05,movies,Nyaa,Dune Part Two,sequel,on,live,empty,0,0,0,0,,0,0.969,,0,,
movies-05::SolidTorrents::0::::0,movies-05,movies,SolidTorrents,Dune Part Two,sequel,,not_run,unknown_circuit_open,0,0,,,,,,,0,,
movies-05::YTS::0::::0,movies-05,movies,YTS,Dune Part Two,sequel,off,live,results,6,6,6,6,1,0,0.406,0.406,0,,
movies-06::Apibay::0::::0,movies-06,movies,Apibay,Parasite,non_english,on,live,empty,0,0,0,0,,0,5.344,,0,,
movies-06::Knaben::0::::0,movies-06,movies,Knaben,Parasite,non_english,auto,live,results,50,50,46,46,1,0,1.531,1.531,0,,
movies-06::Nyaa::0::::0,movies-06,movies,Nyaa,Parasite,non_english,on,live,results,15,15,15,15,1,0,1.0,1.0,0,,
movies-06::SolidTorrents::0::::0,movies-06,movies,SolidTorrents,Parasite,non_english,,not_run,unknown_circuit_open,0,0,,,,,,,0,,
movies-06::YTS::0::::0,movies-06,movies,YTS,Parasite,non_english,off,live,results,10,10,8,8,1,0,1.0,1.0,0,,
movies-07::Apibay::0::::0,movies-07,movies,Apibay,Seven Samurai,old,on,live,results,60,60,57,57,1,0,6.281,6.281,0,,
movies-07::Knaben::0::::0,movies-07,movies,Knaben,Seven Samurai,old,auto,live,results,49,49,48,48,1,0,1.546,1.546,0,,
movies-07::Nyaa::0::::0,movies-07,movies,Nyaa,Seven Samurai,old,on,live,results,4,4,4,4,1,0,0.843,0.843,0,,
movies-07::SolidTorrents::0::::0,movies-07,movies,SolidTorrents,Seven Samurai,old,,not_run,unknown_circuit_open,0,0,,,,,,,0,,
movies-07::YTS::0::::0,movies-07,movies,YTS,Seven Samurai,old,off,live,results,5,5,5,5,1,0,1.0,1.0,0,,
movies-08::Apibay::0::::0,movies-08,movies,Apibay,Metropolis,old,on,live,results,36,36,35,35,1,0,4.828,4.828,0,,
movies-08::Knaben::0::::0,movies-08,movies,Knaben,Metropolis,old,auto,live,results,49,49,48,48,1,0,1.25,1.25,0,,
movies-08::Nyaa::0::::0,movies-08,movies,Nyaa,Metropolis,old,on,live,results,1,1,1,1,1,0,0.969,0.969,0,,
movies-08::SolidTorrents::0::::0,movies-08,movies,SolidTorrents,Metropolis,old,,not_run,unknown_circuit_open,0,0,,,,,,,0,,
movies-08::YTS::0::::0,movies-08,movies,YTS,Metropolis,old,off,live,results,6,6,4,4,1,0,0.984,0.984,0,,
movies-09::Apibay::0::::0,movies-09,movies,Apibay,Stalker,non_english,on,live,empty,0,0,0,0,,0,5.609,,0,,
movies-09::Knaben::0::::0,movies-09,movies,Knaben,Stalker,non_english,auto,live,results,49,49,47,47,1,0,0.719,0.719,0,,
movies-09::Nyaa::0::::0,movies-09,movies,Nyaa,Stalker,non_english,on,live,empty,0,0,0,0,,0,0.828,,0,,
movies-09::SolidTorrents::0::::0,movies-09,movies,SolidTorrents,Stalker,non_english,,not_run,unknown_circuit_open,0,0,,,,,,,0,,
movies-09::YTS::0::::0,movies-09,movies,YTS,Stalker,non_english,off,live,results,41,41,27,27,1,0,1.0,1.0,0,,
movies-10::Apibay::0::::0,movies-10,movies,Apibay,Coherence,niche,on,live,empty,0,0,0,0,,0,6.672,,0,,
movies-10::Knaben::0::::0,movies-10,movies,Knaben,Coherence,niche,auto,live,results,48,48,48,48,1,0,1.515,1.515,0,,
movies-10::Nyaa::0::::0,movies-10,movies,Nyaa,Coherence,niche,on,live,empty,0,0,0,0,,0,1.015,,0,,
movies-10::SolidTorrents::0::::0,movies-10,movies,SolidTorrents,Coherence,niche,,not_run,unknown_circuit_open,0,0,,,,,,,0,,
movies-10::YTS::0::::0,movies-10,movies,YTS,Coherence,niche,off,live,results,2,2,2,2,1,0,2.047,2.047,0,,
movies-11::Apibay::0::::0,movies-11,movies,Apibay,Primer,niche,on,live,results,33,33,32,32,1,0,4.766,4.766,0,,
movies-11::Knaben::0::::0,movies-11,movies,Knaben,Primer,niche,auto,live,results,50,50,33,33,1,0,1.531,1.531,0,,
movies-11::Nyaa::0::::0,movies-11,movies,Nyaa,Primer,niche,on,live,empty,0,0,0,0,,0,0.984,,0,,
movies-11::SolidTorrents::0::::0,movies-11,movies,SolidTorrents,Primer,niche,,not_run,unknown_circuit_open,0,0,,,,,,,0,,
movies-11::YTS::0::::0,movies-11,movies,YTS,Primer,niche,off,live,results,52,52,4,4,1,0,0.969,0.969,0,,
movies-12::Apibay::0::::0,movies-12,movies,Apibay,The Fall,ambiguous,on,live,results,85,85,51,51,3,0,0.453,0.453,0,,
movies-12::Knaben::0::::0,movies-12,movies,Knaben,The Fall,ambiguous,auto,live,results,47,47,20,20,3,0,1.5,1.5,0,,
movies-12::Nyaa::0::::0,movies-12,movies,Nyaa,The Fall,ambiguous,on,live,results,5,5,0,0,,0,1.015,1.015,0,,
movies-12::SolidTorrents::0::::0,movies-12,movies,SolidTorrents,The Fall,ambiguous,,not_run,unknown_circuit_open,0,0,,,,,,,0,,
movies-12::YTS::0::::0,movies-12,movies,YTS,The Fall,ambiguous,off,live,results,109,109,18,18,1,0,1.109,1.109,0,,
movies-13::Apibay::0::::0,movies-13,movies,Apibay,Tokyo Story,old,on,live,empty,0,0,0,0,,0,8.437,,0,,
movies-13::Knaben::0::::0,movies-13,movies,Knaben,Tokyo Story,old,auto,live,results,50,50,17,17,1,0,1.0,1.0,0,,
movies-13::Nyaa::0::::0,movies-13,movies,Nyaa,Tokyo Story,old,on,live,results,9,9,1,1,3,0,0.985,0.985,0,,
movies-13::SolidTorrents::0::::0,movies-13,movies,SolidTorrents,Tokyo Story,old,,not_run,unknown_circuit_open,0,0,,,,,,,0,,
movies-13::YTS::0::::0,movies-13,movies,YTS,Tokyo Story,old,off,live,results,2,2,0,0,,0,0.891,0.891,0,,
movies-14::Apibay::0::::0,movies-14,movies,Apibay,City of God,pt_br,on,live,empty,0,0,0,0,,0,10.406,,0,,
movies-14::Knaben::0::::0,movies-14,movies,Knaben,City of God,pt_br,auto,live,results,48,48,34,34,1,0,1.25,1.25,0,,
movies-14::Nyaa::0::::0,movies-14,movies,Nyaa,City of God,pt_br,on,live,empty,0,0,0,0,,0,1.0,,0,,
movies-14::SolidTorrents::0::::0,movies-14,movies,SolidTorrents,City of God,pt_br,,not_run,unknown_circuit_open,0,0,,,,,,,0,,
movies-14::YTS::0::::0,movies-14,movies,YTS,City of God,pt_br,off,live,results,10,10,2,2,2,0,1.078,1.078,0,,
movies-15::Apibay::0::::0,movies-15,movies,Apibay,Central Station,pt_br,on,live,empty,0,0,0,0,,0,9.562,,0,,
movies-15::Knaben::0::::0,movies-15,movies,Knaben,Central Station,pt_br,auto,live,results,48,48,48,48,1,0,0.969,0.969,0,,
movies-15::Nyaa::0::::0,movies-15,movies,Nyaa,Central Station,pt_br,on,live,empty,0,0,0,0,,0,0.969,,0,,
movies-15::SolidTorrents::0::::0,movies-15,movies,SolidTorrents,Central Station,pt_br,,not_run,unknown_circuit_open,0,0,,,,,,,0,,
movies-15::YTS::0::::0,movies-15,movies,YTS,Central Station,pt_br,off,live,empty,0,0,0,0,,0,2.125,,0,,
movies-16::Apibay::0::::0,movies-16,movies,Apibay,Tropa de Elite,pt_br,on,live,results,93,93,90,90,2,0,5.125,5.125,0,,
movies-16::Knaben::0::::0,movies-16,movies,Knaben,Tropa de Elite,pt_br,auto,live,results,50,50,48,48,1,0,1.0,1.0,0,,
movies-16::Nyaa::0::::0,movies-16,movies,Nyaa,Tropa de Elite,pt_br,on,live,empty,0,0,0,0,,0,1.0,,0,,
movies-16::SolidTorrents::0::::0,movies-16,movies,SolidTorrents,Tropa de Elite,pt_br,,not_run,unknown_circuit_open,0,0,,,,,,,0,,
movies-16::YTS::0::::0,movies-16,movies,YTS,Tropa de Elite,pt_br,off,live,results,4,4,4,4,1,0,0.437,0.437,0,,
movies-17::Apibay::0::::0,movies-17,movies,Apibay,O Auto da Compadecida,pt_br,on,live,timeout,0,0,0,0,,0,11.86,,0,,
movies-17::Knaben::0::::0,movies-17,movies,Knaben,O Auto da Compadecida,pt_br,auto,live,results,7,7,7,7,1,0,1.0,1.0,0,,
movies-17::Nyaa::0::::0,movies-17,movies,Nyaa,O Auto da Compadecida,pt_br,on,live,empty,0,0,0,0,,0,0.985,,0,,
movies-17::SolidTorrents::0::::0,movies-17,movies,SolidTorrents,O Auto da Compadecida,pt_br,,not_run,unknown_circuit_open,0,0,,,,,,,0,,
movies-17::YTS::0::::0,movies-17,movies,YTS,O Auto da Compadecida,pt_br,off,live,results,1,1,1,1,1,0,1.0,1.0,0,,
movies-18::Apibay::0::::0,movies-18,movies,Apibay,Spirited Away,cross_category,on,live,empty,0,0,0,0,,0,8.39,,0,,
movies-18::Knaben::0::::0,movies-18,movies,Knaben,Spirited Away,cross_category,auto,live,results,48,48,47,47,1,0,0.985,0.985,0,,
movies-18::Nyaa::0::::0,movies-18,movies,Nyaa,Spirited Away,cross_category,on,live,results,3,3,3,3,1,0,1.016,1.016,0,,
movies-18::SolidTorrents::0::::0,movies-18,movies,SolidTorrents,Spirited Away,cross_category,,not_run,unknown_circuit_open,0,0,,,,,,,0,,
movies-18::YTS::0::::0,movies-18,movies,YTS,Spirited Away,cross_category,off,live,results,4,4,4,4,1,0,0.969,0.969,0,,
movies-19::Apibay::0::::0,movies-19,movies,Apibay,Godzilla Minus One,recent,on,live,empty,0,0,0,0,,0,11.265,,0,,
movies-19::Knaben::0::::0,movies-19,movies,Knaben,Godzilla Minus One,recent,auto,live,results,50,50,50,50,1,0,1.485,1.485,0,,
movies-19::Nyaa::0::::0,movies-19,movies,Nyaa,Godzilla Minus One,recent,on,live,results,17,17,17,17,1,0,1.171,1.171,0,,
movies-19::SolidTorrents::0::::0,movies-19,movies,SolidTorrents,Godzilla Minus One,recent,,not_run,unknown_circuit_open,0,0,,,,,,,0,,
movies-19::YTS::0::::0,movies-19,movies,YTS,Godzilla Minus One,recent,off,live,results,4,4,0,0,,0,1.016,1.016,0,,
movies-20::Apibay::0::::0,movies-20,movies,Apibay,Poor Things,recent,on,live,empty,0,0,0,0,,0,10.812,,0,,
movies-20::Knaben::0::::0,movies-20,movies,Knaben,Poor Things,recent,auto,live,results,45,45,45,45,1,0,1.016,1.016,0,,
movies-20::Nyaa::0::::0,movies-20,movies,Nyaa,Poor Things,recent,on,live,empty,0,0,0,0,,0,1.031,,0,,
movies-20::SolidTorrents::0::::0,movies-20,movies,SolidTorrents,Poor Things,recent,,not_run,unknown_circuit_open,0,0,,,,,,,0,,
movies-20::YTS::0::::0,movies-20,movies,YTS,Poor Things,recent,off,live,results,6,6,6,6,1,0,1.015,1.015,0,,
movies-21::Apibay::0::::0,movies-21,movies,Apibay,Shogun,series,on,live,results,73,73,73,73,1,0,0.469,0.469,0,,
movies-21::Knaben::0::::0,movies-21,movies,Knaben,Shogun,series,auto,live,results,48,48,47,47,1,0,1.766,1.766,0,,
movies-21::Nyaa::0::::0,movies-21,movies,Nyaa,Shogun,series,on,live,results,75,75,72,72,1,0,1.156,1.156,0,,
movies-21::SolidTorrents::0::::0,movies-21,movies,SolidTorrents,Shogun,series,,not_run,unknown_circuit_open,0,0,,,,,,,0,,
movies-21::YTS::0::::0,movies-21,movies,YTS,Shogun,series,off,live,results,14,14,8,8,1,0,0.985,0.985,0,,
movies-22::Apibay::0::::0,movies-22,movies,Apibay,Dark,series,on,live,results,86,86,86,86,1,0,0.484,0.484,0,,
movies-22::Knaben::0::::0,movies-22,movies,Knaben,Dark,series,auto,live,results,47,47,40,40,1,0,1.547,1.547,0,,
movies-22::Nyaa::0::::0,movies-22,movies,Nyaa,Dark,series,on,live,results,75,75,49,49,1,0,1.281,1.281,0,,
movies-22::SolidTorrents::0::::0,movies-22,movies,SolidTorrents,Dark,series,,not_run,unknown_circuit_open,0,0,,,,,,,0,,
movies-22::YTS::0::::0,movies-22,movies,YTS,Dark,series,off,live,results,100,100,73,73,1,0,1.125,1.125,0,,
movies-23::Apibay::0::::0,movies-23,movies,Apibay,Severance,series,on,live,results,85,85,85,85,1,0,0.484,0.484,0,,
movies-23::Knaben::0::::0,movies-23,movies,Knaben,Severance,series,auto,live,results,47,47,47,47,1,0,1.484,1.484,0,,
movies-23::Nyaa::0::::0,movies-23,movies,Nyaa,Severance,series,on,live,empty,0,0,0,0,,0,1.125,,0,,
movies-23::SolidTorrents::0::::0,movies-23,movies,SolidTorrents,Severance,series,,not_run,unknown_circuit_open,0,0,,,,,,,0,,
movies-23::YTS::0::::0,movies-23,movies,YTS,Severance,series,off,live,results,4,4,2,2,1,0,0.844,0.844,0,,
movies-24::Apibay::0::::0,movies-24,movies,Apibay,The Last of Us,series,on,live,results,84,84,84,84,1,0,5.484,5.484,0,,
movies-24::Knaben::0::::0,movies-24,movies,Knaben,The Last of Us,series,auto,live,results,47,47,47,47,1,0,1.75,1.75,0,,
movies-24::Nyaa::0::::0,movies-24,movies,Nyaa,The Last of Us,series,on,live,empty,0,0,0,0,,0,0.968,,0,,
movies-24::SolidTorrents::0::::0,movies-24,movies,SolidTorrents,The Last of Us,series,,not_run,unknown_circuit_open,0,0,,,,,,,0,,
movies-24::YTS::0::::0,movies-24,movies,YTS,The Last of Us,series,off,live,empty,0,0,0,0,,0,1.453,,0,,
movies-25::Apibay::0::::0,movies-25,movies,Apibay,FINDING NEMO,capitalization,on,live,timeout,0,0,0,0,,0,12.109,,0,,
movies-25::Knaben::0::::0,movies-25,movies,Knaben,FINDING NEMO,capitalization,auto,live,results,47,47,47,47,1,0,1.234,1.234,0,,
movies-25::Nyaa::0::::0,movies-25,movies,Nyaa,FINDING NEMO,capitalization,on,live,empty,0,0,0,0,,0,0.625,,0,,
movies-25::SolidTorrents::0::::0,movies-25,movies,SolidTorrents,FINDING NEMO,capitalization,,not_run,unknown_circuit_open,0,0,,,,,,,0,,
movies-25::YTS::0::::0,movies-25,movies,YTS,FINDING NEMO,capitalization,off,live,results,4,4,4,4,1,0,0.578,0.578,0,,
movies-26::Apibay::0::::0,movies-26,movies,Apibay,Procurando Nemo,pt_br_alias,on,live,empty,0,0,0,0,,0,9.688,,0,,
movies-26::Knaben::0::::0,movies-26,movies,Knaben,Procurando Nemo,pt_br_alias,auto,live,results,8,8,7,7,2,0,0.735,0.735,0,,
movies-26::Nyaa::0::::0,movies-26,movies,Nyaa,Procurando Nemo,pt_br_alias,on,live,empty,0,0,0,0,,0,0.922,,0,,
movies-26::SolidTorrents::0::::0,movies-26,movies,SolidTorrents,Procurando Nemo,pt_br_alias,,not_run,unknown_circuit_open,0,0,,,,,,,0,,
movies-26::YTS::0::::0,movies-26,movies,YTS,Procurando Nemo,pt_br_alias,off,live,empty,0,0,0,0,,0,2.11,,0,,
movies-27::Apibay::0::::0,movies-27,movies,Apibay,Cidade de Deus,native_alias,on,live,timeout,0,0,0,0,,0,12.453,,0,,
movies-27::Knaben::0::::0,movies-27,movies,Knaben,Cidade de Deus,native_alias,auto,live,results,47,47,46,46,1,0,1.468,1.468,0,,
movies-27::Nyaa::0::::0,movies-27,movies,Nyaa,Cidade de Deus,native_alias,on,live,empty,0,0,0,0,,0,0.969,,0,,
movies-27::SolidTorrents::0::::0,movies-27,movies,SolidTorrents,Cidade de Deus,native_alias,,not_run,unknown_circuit_open,0,0,,,,,,,0,,
movies-27::YTS::0::::0,movies-27,movies,YTS,Cidade de Deus,native_alias,off,live,results,4,4,4,4,1,0,0.39,0.39,0,,
movies-28::Apibay::0::::0,movies-28,movies,Apibay,千と千尋の神隠し,unicode,on,live,results,97,97,0,0,,0,1.328,1.328,0,,
movies-28::Knaben::0::::0,movies-28,movies,Knaben,千と千尋の神隠し,unicode,auto,live,results,12,12,12,12,1,0,1.25,1.25,0,,
movies-28::Nyaa::0::::0,movies-28,movies,Nyaa,千と千尋の神隠し,unicode,on,live,results,2,2,2,2,1,0,1.016,1.016,0,,
movies-28::SolidTorrents::0::::0,movies-28,movies,SolidTorrents,千と千尋の神隠し,unicode,,not_run,unknown_circuit_open,0,0,,,,,,,0,,
movies-28::YTS::0::::0,movies-28,movies,YTS,千と千尋の神隠し,unicode,off,live,empty,0,0,0,0,,0,2.094,,0,,
movies-29::Apibay::0::::0,movies-29,movies,Apibay,Dune Part 2,numeric_variant,on,live,results,72,72,21,21,1,0,7.797,7.797,0,,
movies-29::Knaben::0::::0,movies-29,movies,Knaben,Dune Part 2,numeric_variant,auto,live,results,46,46,29,29,1,0,1.25,1.25,0,,
movies-29::Nyaa::0::::0,movies-29,movies,Nyaa,Dune Part 2,numeric_variant,on,live,empty,0,0,0,0,,0,1.0,,0,,
movies-29::SolidTorrents::0::::0,movies-29,movies,SolidTorrents,Dune Part 2,numeric_variant,,not_run,unknown_circuit_open,0,0,,,,,,,0,,
movies-29::YTS::0::::0,movies-29,movies,YTS,Dune Part 2,numeric_variant,off,live,empty,0,0,0,0,,0,0.797,,0,,
movies-30::Apibay::0::::0,movies-30,movies,Apibay,Finding Nemo 1080p,resolution,on,live,empty,0,0,0,0,,0,7.984,,0,,
movies-30::Knaben::0::::0,movies-30,movies,Knaben,Finding Nemo 1080p,resolution,auto,live,results,49,49,49,49,1,0,1.516,1.516,0,,
movies-30::Nyaa::0::::0,movies-30,movies,Nyaa,Finding Nemo 1080p,resolution,on,live,empty,0,0,0,0,,0,1.016,,0,,
movies-30::SolidTorrents::0::::0,movies-30,movies,SolidTorrents,Finding Nemo 1080p,resolution,,not_run,unknown_circuit_open,0,0,,,,,,,0,,
movies-30::YTS::0::::0,movies-30,movies,YTS,Finding Nemo 1080p,resolution,off,live,empty,0,0,0,0,,0,1.109,,0,,
movies-31::Apibay::0::::0,movies-31,movies,Apibay,Finding Nemo pt-br,language_tags,on,live,timeout,0,0,0,0,,0,11.968,,0,,
movies-31::Knaben::0::::0,movies-31,movies,Knaben,Finding Nemo pt-br,language_tags,auto,live,empty,0,0,0,0,,0,1.016,,0,,
movies-31::Nyaa::0::::0,movies-31,movies,Nyaa,Finding Nemo pt-br,language_tags,on,live,empty,0,0,0,0,,0,1.015,,0,,
movies-31::SolidTorrents::0::::0,movies-31,movies,SolidTorrents,Finding Nemo pt-br,language_tags,,not_run,unknown_circuit_open,0,0,,,,,,,0,,
movies-31::YTS::0::::0,movies-31,movies,YTS,Finding Nemo pt-br,language_tags,off,live,empty,0,0,0,0,,0,1.625,,0,,
movies-32::Apibay::0::::0,movies-32,movies,Apibay,zzqvaudit7f29nonexistent,negative_control,on,live,empty,0,0,0,0,,0,3.797,,0,,
movies-32::Knaben::0::::0,movies-32,movies,Knaben,zzqvaudit7f29nonexistent,negative_control,auto,live,empty,0,0,0,0,,0,1.0,,0,,
movies-32::Nyaa::0::::0,movies-32,movies,Nyaa,zzqvaudit7f29nonexistent,negative_control,on,live,empty,0,0,0,0,,0,1.031,,0,,
movies-32::SolidTorrents::0::::0,movies-32,movies,SolidTorrents,zzqvaudit7f29nonexistent,negative_control,,not_run,unknown_circuit_open,0,0,,,,,,,0,,
movies-32::YTS::0::::0,movies-32,movies,YTS,zzqvaudit7f29nonexistent,negative_control,off,live,empty,0,0,0,0,,0,0.891,,0,,
online-fix-01::Online-Fix::0::::0,online-fix-01,online-fix,Online-Fix,Lethal Company,popular,on,live,empty,0,0,0,0,,0,0.969,,0,,
online-fix-01::Online-Fix::0::::2,online-fix-01,online-fix,Online-Fix,Lethal Company,popular,on,live,results,1,1,1,1,1,0,11.219,11.219,2,,
online-fix-02::Online-Fix::0::::0,online-fix-02,online-fix,Online-Fix,Palworld,popular,on,live,results,1,1,1,1,1,0,1.0,1.0,0,,
online-fix-02::Online-Fix::0::::2,online-fix-02,online-fix,Online-Fix,Palworld,popular,on,live,results,1,1,1,1,1,0,11.015,11.015,2,,
online-fix-03::Online-Fix::0::::0,online-fix-03,online-fix,Online-Fix,Valheim,coop,on,live,results,1,1,1,1,1,0,1.0,1.0,0,,
online-fix-03::Online-Fix::0::::2,online-fix-03,online-fix,Online-Fix,Valheim,coop,on,live,results,1,1,1,1,1,0,10.985,10.985,2,,
online-fix-04::Online-Fix::0::::0,online-fix-04,online-fix,Online-Fix,Phasmophobia,coop,on,live,empty,0,0,0,0,,0,1.0,,0,,
online-fix-04::Online-Fix::0::::2,online-fix-04,online-fix,Online-Fix,Phasmophobia,coop,on,live,results,1,1,1,1,1,0,10.984,10.984,2,,
online-fix-05::Online-Fix::0::::0,online-fix-05,online-fix,Online-Fix,Stardew Valley,coop,on,live,empty,0,0,0,0,,0,1.0,,0,,
online-fix-05::Online-Fix::0::::2,online-fix-05,online-fix,Online-Fix,Stardew Valley,coop,on,live,results,1,1,1,1,1,0,11.031,11.031,2,,
online-fix-06::Online-Fix::0::::0,online-fix-06,online-fix,Online-Fix,Terraria,coop,on,live,empty,0,0,0,0,,0,1.0,,0,,
online-fix-06::Online-Fix::0::::2,online-fix-06,online-fix,Online-Fix,Terraria,coop,on,live,results,1,1,1,1,1,0,11.0,11.0,2,,
online-fix-07::Online-Fix::0::::0,online-fix-07,online-fix,Online-Fix,It Takes Two,coop,on,live,empty,0,0,0,0,,0,0.969,,0,,
online-fix-07::Online-Fix::0::::2,online-fix-07,online-fix,Online-Fix,It Takes Two,coop,on,live,results,1,1,1,1,1,0,10.985,10.985,2,,
online-fix-08::Online-Fix::0::::0,online-fix-08,online-fix,Online-Fix,Portal 2,old,on,live,empty,0,0,0,0,,0,1.016,,0,,
online-fix-08::Online-Fix::0::::2,online-fix-08,online-fix,Online-Fix,Portal 2,old,on,live,results,1,1,1,1,1,0,11.015,11.015,2,,
online-fix-09::Online-Fix::0::::0,online-fix-09,online-fix,Online-Fix,Left 4 Dead 2,old,on,live,empty,0,0,0,0,,0,0.984,,0,,
online-fix-09::Online-Fix::0::::2,online-fix-09,online-fix,Online-Fix,Left 4 Dead 2,old,on,live,results,1,1,1,1,1,0,11.0,11.0,2,,
online-fix-10::Online-Fix::0::::0,online-fix-10,online-fix,Online-Fix,Don't Starve Together,punctuation,on,live,empty,0,0,0,0,,0,0.984,,0,,
online-fix-10::Online-Fix::0::::2,online-fix-10,online-fix,Online-Fix,Don't Starve Together,punctuation,on,live,empty,0,0,0,0,,0,11.0,,2,,
online-fix-10::Online-Fix::0::::4,online-fix-10,online-fix,Online-Fix,Starve,punctuation,on,live,results,1,1,1,1,1,0,11.235,11.235,4,,
online-fix-11::Online-Fix::0::::0,online-fix-11,online-fix,Online-Fix,Deep Rock Galactic,coop,on,live,empty,0,0,0,0,,0,1.0,,0,,
online-fix-11::Online-Fix::0::::2,online-fix-11,online-fix,Online-Fix,Deep Rock Galactic,coop,on,live,results,2,2,2,2,1,0,10.985,10.985,2,,
online-fix-12::Online-Fix::0::::0,online-fix-12,online-fix,Online-Fix,Risk of Rain 2,sequel,on,live,empty,0,0,0,0,,0,1.0,,0,,
online-fix-12::Online-Fix::0::::2,online-fix-12,online-fix,Online-Fix,Risk of Rain 2,sequel,on,live,results,1,1,1,1,1,0,10.985,10.985,2,,
online-fix-13::Online-Fix::0::::0,online-fix-13,online-fix,Online-Fix,Raft,survival,on,live,empty,0,0,0,0,,0,1.0,,0,,
online-fix-13::Online-Fix::0::::2,online-fix-13,online-fix,Online-Fix,Raft,survival,on,live,empty,0,0,0,0,,0,11.156,,2,,
online-fix-14::Online-Fix::0::::0,online-fix-14,online-fix,Online-Fix,Grounded,survival,on,live,empty,0,0,0,0,,0,1.0,,0,,
online-fix-14::Online-Fix::0::::2,online-fix-14,online-fix,Online-Fix,Grounded,survival,on,live,results,2,2,2,2,1,0,10.828,10.828,2,,
online-fix-15::Online-Fix::0::::0,online-fix-15,online-fix,Online-Fix,Sons of the Forest,survival,on,live,empty,0,0,0,0,,0,0.985,,0,,
online-fix-15::Online-Fix::0::::2,online-fix-15,online-fix,Online-Fix,Sons of the Forest,survival,on,live,results,1,1,1,1,1,0,11.016,11.016,2,,
online-fix-16::Online-Fix::0::::0,online-fix-16,online-fix,Online-Fix,The Forest,near_match,on,live,empty,0,0,0,0,,0,1.0,,0,,
online-fix-16::Online-Fix::0::::2,online-fix-16,online-fix,Online-Fix,The Forest,near_match,on,live,results,2,2,1,1,2,0,10.985,10.985,2,,
online-fix-17::Online-Fix::0::::0,online-fix-17,online-fix,Online-Fix,Escape the Backrooms,niche,on,live,empty,0,0,0,0,,0,1.0,,0,,
online-fix-17::Online-Fix::0::::2,online-fix-17,online-fix,Online-Fix,Escape the Backrooms,niche,on,live,results,1,1,1,1,1,0,11.0,11.0,2,,
online-fix-18::Online-Fix::0::::0,online-fix-18,online-fix,Online-Fix,Content Warning,recent,on,live,empty,0,0,0,0,,0,1.016,,0,,
online-fix-18::Online-Fix::0::::2,online-fix-18,online-fix,Online-Fix,Content Warning,recent,on,live,results,1,1,1,1,1,0,10.984,10.984,2,,
online-fix-19::Online-Fix::0::::0,online-fix-19,online-fix,Online-Fix,Enshrouded,recent,on,live,empty,0,0,0,0,,0,0.984,,0,,
online-fix-19::Online-Fix::0::::2,online-fix-19,online-fix,Online-Fix,Enshrouded,recent,on,live,results,1,1,1,1,1,0,11.0,11.0,2,,
online-fix-20::Online-Fix::0::::0,online-fix-20,online-fix,Online-Fix,Abiotic Factor,recent,on,live,empty,0,0,0,0,,0,0.969,,0,,
online-fix-20::Online-Fix::0::::2,online-fix-20,online-fix,Online-Fix,Abiotic Factor,recent,on,live,results,1,1,1,1,1,0,11.031,11.031,2,,
online-fix-21::Online-Fix::0::::0,online-fix-21,online-fix,Online-Fix,Pico Park,short,on,live,empty,0,0,0,0,,0,1.0,,0,,
online-fix-21::Online-Fix::0::::2,online-fix-21,online-fix,Online-Fix,Pico Park,short,on,live,results,2,2,2,2,1,0,11.0,11.0,2,,
online-fix-22::Online-Fix::0::::0,online-fix-22,online-fix,Online-Fix,Overcooked 2,coop,on,live,empty,0,0,0,0,,0,0.984,,0,,
online-fix-22::Online-Fix::0::::2,online-fix-22,online-fix,Online-Fix,Overcooked 2,coop,on,live,results,1,1,1,1,1,0,11.0,11.0,2,,
online-fix-23::Online-Fix::0::::0,online-fix-23,online-fix,Online-Fix,Human Fall Flat,coop,on,live,empty,0,0,0,0,,0,0.984,,0,,
online-fix-23::Online-Fix::0::::2,online-fix-23,online-fix,Online-Fix,Human Fall Flat,coop,on,live,results,2,2,2,2,1,0,10.985,10.985,2,,
online-fix-24::Online-Fix::0::::0,online-fix-24,online-fix,Online-Fix,Unrailed,niche,on,live,empty,0,0,0,0,,0,0.985,,0,,
online-fix-24::Online-Fix::0::::2,online-fix-24,online-fix,Online-Fix,Unrailed,niche,on,live,results,2,2,2,2,1,0,11.171,11.171,2,,
online-fix-25::Online-Fix::0::::0,online-fix-25,online-fix,Online-Fix,LETHAL COMPANY,capitalization,on,live,empty,0,0,0,0,,0,1.0,,0,,
online-fix-25::Online-Fix::0::::2,online-fix-25,online-fix,Online-Fix,LETHAL COMPANY,capitalization,on,live,results,1,1,1,1,1,0,10.844,10.844,2,,
online-fix-26::Online-Fix::0::::0,online-fix-26,online-fix,Online-Fix,Dont Starve Together,punctuation_variant,on,live,empty,0,0,0,0,,0,1.0,,0,,
online-fix-26::Online-Fix::0::::2,online-fix-26,online-fix,Online-Fix,Dont Starve Together,punctuation_variant,on,live,empty,0,0,0,0,,0,11.0,,2,,
online-fix-27::Online-Fix::0::::0,online-fix-27,online-fix,Online-Fix,Overcooked! 2,punctuation,on,live,empty,0,0,0,0,,0,1.015,,0,,
online-fix-27::Online-Fix::0::::2,online-fix-27,online-fix,Online-Fix,Overcooked! 2,punctuation,on,live,results,1,1,1,1,1,0,11.0,11.0,2,,
online-fix-28::Online-Fix::0::::0,online-fix-28,online-fix,Online-Fix,Portal Two,numeric_variant,on,live,empty,0,0,0,0,,0,1.0,,0,,
online-fix-28::Online-Fix::0::::2,online-fix-28,online-fix,Online-Fix,Portal Two,numeric_variant,on,live,empty,0,0,0,0,,0,10.985,,2,,
online-fix-29::Online-Fix::0::::0,online-fix-29,online-fix,Online-Fix,Lethal Company pt-br,language_tags,on,live,empty,0,0,0,0,,0,1.0,,0,,
online-fix-29::Online-Fix::0::::2,online-fix-29,online-fix,Online-Fix,Lethal Company pt-br,language_tags,on,live,empty,0,0,0,0,,0,11.015,,2,,
online-fix-30::Online-Fix::0::::0,online-fix-30,online-fix,Online-Fix,Valheim dedicated server,edition,on,live,empty,0,0,0,0,,0,0.985,,0,,
online-fix-30::Online-Fix::0::::2,online-fix-30,online-fix,Online-Fix,Valheim dedicated server,edition,on,live,empty,0,0,0,0,,0,10.985,,2,,
online-fix-31::Online-Fix::0::::0,online-fix-31,online-fix,Online-Fix,人类一败涂地,unicode,on,live,empty,0,0,0,0,,0,1.0,,0,,
online-fix-31::Online-Fix::0::::2,online-fix-31,online-fix,Online-Fix,人类一败涂地,unicode,on,live,empty,0,0,0,0,,0,11.0,,2,,
online-fix-32::Online-Fix::0::::0,online-fix-32,online-fix,Online-Fix,zzqvaudit7f29nonexistent,negative_control,on,reused_shared_source,empty,0,0,0,0,,0,,,0,,
online-fix-32::Online-Fix::0::::2,online-fix-32,online-fix,Online-Fix,zzqvaudit7f29nonexistent,negative_control,on,live,empty,0,0,0,0,,0,11.015,,2,,
rutracker-01::RuTracker::0::::0,rutracker-01,rutracker,RuTracker,Adobe Photoshop,software,on,live,challenge,0,0,0,0,,0,0.063,,0,,
rutracker-02::RuTracker::0::::0,rutracker-02,rutracker,RuTracker,Microsoft Office,software,on,live,challenge,0,0,0,0,,0,1.015,,0,,
rutracker-03::RuTracker::0::::0,rutracker-03,rutracker,RuTracker,AutoCAD,software,on,live,challenge,0,0,0,0,,0,0.062,,0,,
rutracker-04::RuTracker::0::::0,rutracker-04,rutracker,RuTracker,Ableton Live,software,on,live,challenge,0,0,0,0,,0,1.0,,0,,
rutracker-05::RuTracker::0::::0,rutracker-05,rutracker,RuTracker,FL Studio,software,on,live,challenge,0,0,0,0,,0,0.985,,0,,
rutracker-06::RuTracker::0::::0,rutracker-06,rutracker,RuTracker,MATLAB,software,,not_run,unknown_circuit_open,0,0,,,,,,,0,,
rutracker-07::RuTracker::0::::0,rutracker-07,rutracker,RuTracker,Ubuntu,linux,,not_run,unknown_circuit_open,0,0,,,,,,,0,,
rutracker-08::RuTracker::0::::0,rutracker-08,rutracker,RuTracker,Blender,open_source,,not_run,unknown_circuit_open,0,0,,,,,,,0,,
rutracker-09::RuTracker::0::::0,rutracker-09,rutracker,RuTracker,Pink Floyd,audio,,not_run,unknown_circuit_open,0,0,,,,,,,0,,
rutracker-10::RuTracker::0::::0,rutracker-10,rutracker,RuTracker,Kind of Blue,audio,,not_run,unknown_circuit_open,0,0,,,,,,,0,,
rutracker-11::RuTracker::0::::0,rutracker-11,rutracker,RuTracker,The Dark Side of the Moon,audio,,not_run,unknown_circuit_open,0,0,,,,,,,0,,
rutracker-12::RuTracker::0::::0,rutracker-12,rutracker,RuTracker,Beethoven,audio,,not_run,unknown_circuit_open,0,0,,,,,,,0,,
rutracker-13::RuTracker::0::::0,rutracker-13,rutracker,RuTracker,The Matrix,movies,,not_run,unknown_circuit_open,0,0,,,,,,,0,,
rutracker-14::RuTracker::0::::0,rutracker-14,rutracker,RuTracker,Stalker,movies,,not_run,unknown_circuit_open,0,0,,,,,,,0,,
rutracker-15::RuTracker::0::::0,rutracker-15,rutracker,RuTracker,Solaris,movies,,not_run,unknown_circuit_open,0,0,,,,,,,0,,
rutracker-16::RuTracker::0::::0,rutracker-16,rutracker,RuTracker,Seven Samurai,movies,,not_run,unknown_circuit_open,0,0,,,,,,,0,,
rutracker-17::RuTracker::0::::0,rutracker-17,rutracker,RuTracker,Saki,anime,,not_run,unknown_circuit_open,0,0,,,,,,,0,,
rutracker-18::RuTracker::0::::0,rutracker-18,rutracker,RuTracker,Monster,anime,,not_run,unknown_circuit_open,0,0,,,,,,,0,,
rutracker-19::RuTracker::0::::0,rutracker-19,rutracker,RuTracker,Berserk,manga,,not_run,unknown_circuit_open,0,0,,,,,,,0,,
rutracker-20::RuTracker::0::::0,rutracker-20,rutracker,RuTracker,Dune,books,,not_run,unknown_circuit_open,0,0,,,,,,,0,,
rutracker-21::RuTracker::0::::0,rutracker-21,rutracker,RuTracker,The Hobbit,books,,not_run,unknown_circuit_open,0,0,,,,,,,0,,
rutracker-22::RuTracker::0::::0,rutracker-22,rutracker,RuTracker,Metamorphosis,books,,not_run,unknown_circuit_open,0,0,,,,,,,0,,
rutracker-23::RuTracker::0::::0,rutracker-23,rutracker,RuTracker,Planescape Torment,games,,not_run,unknown_circuit_open,0,0,,,,,,,0,,
rutracker-24::RuTracker::0::::0,rutracker-24,rutracker,RuTracker,Disco Elysium,games,,not_run,unknown_circuit_open,0,0,,,,,,,0,,
rutracker-25::RuTracker::0::::0,rutracker-25,rutracker,RuTracker,ADOBE PHOTOSHOP,capitalization,,not_run,unknown_circuit_open,0,0,,,,,,,0,,
rutracker-26::RuTracker::0::::0,rutracker-26,rutracker,RuTracker,Фотошоп,unicode,,not_run,unknown_circuit_open,0,0,,,,,,,0,,
rutracker-27::RuTracker::0::::0,rutracker-27,rutracker,RuTracker,Матрица,native_alias,,not_run,unknown_circuit_open,0,0,,,,,,,0,,
rutracker-28::RuTracker::0::::0,rutracker-28,rutracker,RuTracker,Сталкер,native_alias,,not_run,unknown_circuit_open,0,0,,,,,,,0,,
rutracker-29::RuTracker::0::::0,rutracker-29,rutracker,RuTracker,Pink Floyd FLAC,format,,not_run,unknown_circuit_open,0,0,,,,,,,0,,
rutracker-30::RuTracker::0::::0,rutracker-30,rutracker,RuTracker,Office 2007,old_edition,,not_run,unknown_circuit_open,0,0,,,,,,,0,,
rutracker-31::RuTracker::0::::0,rutracker-31,rutracker,RuTracker,Метаморфоза,native_alias,,not_run,unknown_circuit_open,0,0,,,,,,,0,,
rutracker-32::RuTracker::0::::0,rutracker-32,rutracker,RuTracker,zzqvaudit7f29nonexistent,negative_control,,not_run,unknown_circuit_open,0,0,,,,,,,0,,
software-01::Apibay::0::::0,software-01,software,Apibay,Adobe Photoshop,popular,on,live,empty,0,0,0,0,,0,5.672,,0,,
software-01::Apibay::0::::3,software-01,software,Apibay,Adobe Photoshop,popular,on,live,empty,0,0,0,0,,0,5.063,,3,,
software-01::Knaben::0::::0,software-01,software,Knaben,Adobe Photoshop,popular,auto,live,results,50,50,46,46,1,0,1.0,1.0,0,,
software-01::SolidTorrents::0::::0,software-01,software,SolidTorrents,Adobe Photoshop,popular,off,live,timeout,0,0,0,0,,0,7.469,,0,,
software-02::Apibay::0::::0,software-02,software,Apibay,Adobe Premiere Pro,popular,on,live,results,71,71,71,71,1,0,3.984,3.984,0,,
software-02::Knaben::0::::0,software-02,software,Knaben,Adobe Premiere Pro,popular,auto,live,results,41,41,40,40,1,0,0.844,0.844,0,,
software-02::SolidTorrents::0::::0,software-02,software,SolidTorrents,Adobe Premiere Pro,popular,off,live,results,20,20,20,20,1,0,1.86,1.86,0,,
software-03::Apibay::0::::0,software-03,software,Apibay,Microsoft Office,popular,on,live,empty,0,0,0,0,,0,7.125,,0,,
software-03::Knaben::0::::0,software-03,software,Knaben,Microsoft Office,popular,auto,live,results,49,49,49,49,1,0,0.797,0.797,0,,
software-03::SolidTorrents::0::::0,software-03,software,SolidTorrents,Microsoft Office,popular,,not_run,unknown_circuit_open,0,0,,,,,,,0,,
software-04::Apibay::0::::0,software-04,software,Apibay,Autodesk AutoCAD,popular,on,live,results,60,60,26,26,1,0,6.969,6.969,0,,
software-04::Knaben::0::::0,software-04,software,Knaben,Autodesk AutoCAD,popular,auto,live,results,15,15,14,14,1,0,0.578,0.578,0,,
software-04::SolidTorrents::0::::0,software-04,software,SolidTorrents,Autodesk AutoCAD,popular,,not_run,unknown_circuit_open,0,0,,,,,,,0,,
software-05::Apibay::0::::0,software-05,software,Apibay,Blender,open_source,on,live,results,1,1,1,1,1,0,0.985,0.985,0,,
software-05::Knaben::0::::0,software-05,software,Knaben,Blender,open_source,auto,live,results,11,11,11,11,1,0,0.547,0.547,0,,
software-05::SolidTorrents::0::::0,software-05,software,SolidTorrents,Blender,open_source,,not_run,unknown_circuit_open,0,0,,,,,,,0,,
software-06::Apibay::0::::0,software-06,software,Apibay,GIMP,open_source,on,live,empty,0,0,0,0,,0,2.984,,0,,
software-06::Knaben::0::::0,software-06,software,Knaben,GIMP,open_source,auto,live,results,9,9,7,7,1,0,0.75,0.75,0,,
software-06::SolidTorrents::0::::0,software-06,software,SolidTorrents,GIMP,open_source,,not_run,unknown_circuit_open,0,0,,,,,,,0,,
software-07::Apibay::0::::0,software-07,software,Apibay,LibreOffice,open_source,on,live,results,58,58,45,45,3,0,2.016,2.016,0,,
software-07::Knaben::0::::0,software-07,software,Knaben,LibreOffice,open_source,auto,live,results,17,17,13,13,4,0,0.703,0.703,0,,
software-07::SolidTorrents::0::::0,software-07,software,SolidTorrents,LibreOffice,open_source,,not_run,unknown_circuit_open,0,0,,,,,,,0,,
software-08::Apibay::0::::0,software-08,software,Apibay,VLC,short,on,live,results,93,93,93,93,1,0,2.0,2.0,0,,
software-08::Knaben::0::::0,software-08,software,Knaben,VLC,short,auto,live,results,18,18,18,18,1,0,0.75,0.75,0,,
software-08::SolidTorrents::0::::0,software-08,software,SolidTorrents,VLC,short,,not_run,unknown_circuit_open,0,0,,,,,,,0,,
software-09::Apibay::0::::0,software-09,software,Apibay,7-Zip,punctuation,on,live,empty,0,0,0,0,,0,6.031,,0,,
software-09::Knaben::0::::0,software-09,software,Knaben,7-Zip,punctuation,auto,live,results,2,2,2,2,1,0,0.765,0.765,0,,
software-09::SolidTorrents::0::::0,software-09,software,SolidTorrents,7-Zip,punctuation,,not_run,unknown_circuit_open,0,0,,,,,,,0,,
software-10::Apibay::0::::0,software-10,software,Apibay,WinRAR,popular,on,live,empty,0,0,0,0,,0,3.046,,0,,
software-10::Knaben::0::::0,software-10,software,Knaben,WinRAR,popular,auto,live,results,3,3,3,3,1,0,0.5,0.5,0,,
software-10::SolidTorrents::0::::0,software-10,software,SolidTorrents,WinRAR,popular,,not_run,unknown_circuit_open,0,0,,,,,,,0,,
software-11::Apibay::0::::0,software-11,software,Apibay,DaVinci Resolve,video,on,live,results,92,92,92,92,1,0,6.0,6.0,0,,
software-11::Knaben::0::::0,software-11,software,Knaben,DaVinci Resolve,video,auto,live,results,20,20,20,20,1,0,0.704,0.704,0,,
software-11::SolidTorrents::0::::0,software-11,software,SolidTorrents,DaVinci Resolve,video,,not_run,unknown_circuit_open,0,0,,,,,,,0,,
software-12::Apibay::0::::0,software-12,software,Apibay,Affinity Photo,macos,on,live,empty,0,0,0,0,,0,6.5,,0,,
software-12::Knaben::0::::0,software-12,software,Knaben,Affinity Photo,macos,auto,live,results,6,6,6,6,1,0,0.485,0.485,0,,
software-12::SolidTorrents::0::::0,software-12,software,SolidTorrents,Affinity Photo,macos,,not_run,unknown_circuit_open,0,0,,,,,,,0,,
software-13::Apibay::0::::0,software-13,software,Apibay,Final Cut Pro,macos,on,live,empty,0,0,0,0,,0,5.906,,0,,
software-13::Knaben::0::::0,software-13,software,Knaben,Final Cut Pro,macos,auto,live,results,49,49,49,49,1,0,0.984,0.984,0,,
software-13::SolidTorrents::0::::0,software-13,software,SolidTorrents,Final Cut Pro,macos,,not_run,unknown_circuit_open,0,0,,,,,,,0,,
software-14::Apibay::0::::0,software-14,software,Apibay,Logic Pro,macos,on,live,timeout,0,0,0,0,,0,10.515,,0,,
software-14::Knaben::0::::0,software-14,software,Knaben,Logic Pro,macos,auto,live,results,49,49,49,49,1,0,0.969,0.969,0,,
software-14::SolidTorrents::0::::0,software-14,software,SolidTorrents,Logic Pro,macos,,not_run,unknown_circuit_open,0,0,,,,,,,0,,
software-15::Apibay::0::::0,software-15,software,Apibay,Ableton Live,audio,on,live,results,88,88,78,78,1,0,4.391,4.391,0,,
software-15::Knaben::0::::0,software-15,software,Knaben,Ableton Live,audio,auto,live,results,49,49,49,49,1,0,1.0,1.0,0,,
software-15::SolidTorrents::0::::0,software-15,software,SolidTorrents,Ableton Live,audio,,not_run,unknown_circuit_open,0,0,,,,,,,0,,
software-16::Apibay::0::::0,software-16,software,Apibay,FL Studio,audio,on,live,results,22,22,6,6,1,0,7.891,7.891,0,,
software-16::Knaben::0::::0,software-16,software,Knaben,FL Studio,audio,auto,live,results,26,26,17,17,1,0,1.0,1.0,0,,
software-16::SolidTorrents::0::::0,software-16,software,SolidTorrents,FL Studio,audio,,not_run,unknown_circuit_open,0,0,,,,,,,0,,
software-17::Apibay::0::::0,software-17,software,Apibay,REAPER,audio,on,live,empty,0,0,0,0,,0,3.468,,0,,
software-17::Knaben::0::::0,software-17,software,Knaben,REAPER,audio,auto,live,results,3,3,3,3,1,0,0.735,0.735,0,,
software-17::SolidTorrents::0::::0,software-17,software,SolidTorrents,REAPER,audio,,not_run,unknown_circuit_open,0,0,,,,,,,0,,
software-18::Apibay::0::::0,software-18,software,Apibay,MATLAB,technical,on,live,empty,0,0,0,0,,0,2.907,,0,,
software-18::Knaben::0::::0,software-18,software,Knaben,MATLAB,technical,auto,live,results,25,25,25,25,1,0,0.953,0.953,0,,
software-18::SolidTorrents::0::::0,software-18,software,SolidTorrents,MATLAB,technical,,not_run,unknown_circuit_open,0,0,,,,,,,0,,
software-19::Apibay::0::::0,software-19,software,Apibay,Wolfram Mathematica,technical,on,live,empty,0,0,0,0,,0,5.907,,0,,
software-19::Knaben::0::::0,software-19,software,Knaben,Wolfram Mathematica,technical,auto,live,results,13,13,6,6,1,0,0.734,0.734,0,,
software-19::SolidTorrents::0::::0,software-19,software,SolidTorrents,Wolfram Mathematica,technical,,not_run,unknown_circuit_open,0,0,,,,,,,0,,
software-20::Apibay::0::::0,software-20,software,Apibay,SolidWorks,technical,on,live,empty,0,0,0,0,,0,3.0,,0,,
software-20::Knaben::0::::0,software-20,software,Knaben,SolidWorks,technical,auto,live,empty,0,0,0,0,,0,0.484,,0,,
software-20::SolidTorrents::0::::0,software-20,software,SolidTorrents,SolidWorks,technical,,not_run,unknown_circuit_open,0,0,,,,,,,0,,
software-21::Apibay::0::::0,software-21,software,Apibay,SketchUp,technical,on,live,empty,0,0,0,0,,0,3.546,,0,,
software-21::Knaben::0::::0,software-21,software,Knaben,SketchUp,technical,auto,live,results,36,36,35,35,1,0,0.766,0.766,0,,
software-21::SolidTorrents::0::::0,software-21,software,SolidTorrents,SketchUp,technical,,not_run,unknown_circuit_open,0,0,,,,,,,0,,
software-22::Apibay::0::::0,software-22,software,Apibay,Adobe Photoshop CS6,old,on,live,empty,0,0,0,0,,0,7.672,,0,,
software-22::Knaben::0::::0,software-22,software,Knaben,Adobe Photoshop CS6,old,auto,live,results,18,18,17,17,1,0,0.672,0.672,0,,
software-22::SolidTorrents::0::::0,software-22,software,SolidTorrents,Adobe Photoshop CS6,old,,not_run,unknown_circuit_open,0,0,,,,,,,0,,
software-23::Apibay::0::::0,software-23,software,Apibay,Microsoft Office 2007,old,on,live,empty,0,0,0,0,,0,5.688,,0,,
software-23::Knaben::0::::0,software-23,software,Knaben,Microsoft Office 2007,old,auto,live,results,2,2,2,2,1,0,0.5,0.5,0,,
software-23::SolidTorrents::0::::0,software-23,software,SolidTorrents,Microsoft Office 2007,old,,not_run,unknown_circuit_open,0,0,,,,,,,0,,
software-24::Apibay::0::::0,software-24,software,Apibay,Ubuntu 24.04,linux,on,live,empty,0,0,0,0,,0,8.5,,0,,
software-24::Knaben::0::::0,software-24,software,Knaben,Ubuntu 24.04,linux,auto,live,empty,0,0,0,0,,0,0.312,,0,,
software-24::SolidTorrents::0::::0,software-24,software,SolidTorrents,Ubuntu 24.04,linux,,not_run,unknown_circuit_open,0,0,,,,,,,0,,
software-25::Apibay::0::::0,software-25,software,Apibay,ADOBE PHOTOSHOP,capitalization,on,live,empty,0,0,0,0,,0,8.391,,0,,
software-25::Knaben::0::::0,software-25,software,Knaben,ADOBE PHOTOSHOP,capitalization,auto,live,results,50,50,50,50,1,0,0.829,0.829,0,,
software-25::SolidTorrents::0::::0,software-25,software,SolidTorrents,ADOBE PHOTOSHOP,capitalization,,not_run,unknown_circuit_open,0,0,,,,,,,0,,
software-26::Apibay::0::::0,software-26,software,Apibay,Photoshop 2024,edition,on,live,empty,0,0,0,0,,0,5.062,,0,,
software-26::Knaben::0::::0,software-26,software,Knaben,Photoshop 2024,edition,auto,live,results,18,18,18,18,1,0,0.984,0.984,0,,
software-26::SolidTorrents::0::::0,software-26,software,SolidTorrents,Photoshop 2024,edition,,not_run,unknown_circuit_open,0,0,,,,,,,0,,
software-27::Apibay::0::::0,software-27,software,Apibay,Photoshop portable,portable,on,live,empty,0,0,0,0,,0,7.813,,0,,
software-27::Knaben::0::::0,software-27,software,Knaben,Photoshop portable,portable,auto,live,empty,0,0,0,0,,0,0.484,,0,,
software-27::SolidTorrents::0::::0,software-27,software,SolidTorrents,Photoshop portable,portable,,not_run,unknown_circuit_open,0,0,,,,,,,0,,
software-28::Apibay::0::::0,software-28,software,Apibay,Photoshop macOS,platform,on,live,empty,0,0,0,0,,0,7.656,,0,,
software-28::Knaben::0::::0,software-28,software,Knaben,Photoshop macOS,platform,auto,live,results,50,50,50,47,1,0,1.266,1.266,0,,
software-28::SolidTorrents::0::::0,software-28,software,SolidTorrents,Photoshop macOS,platform,,not_run,unknown_circuit_open,0,0,,,,,,,0,,
software-29::Apibay::0::::0,software-29,software,Apibay,Office português,pt_br,on,live,empty,0,0,0,0,,0,10.531,,0,,
software-29::Knaben::0::::0,software-29,software,Knaben,Office português,pt_br,auto,live,empty,0,0,0,0,,0,0.313,,0,,
software-29::SolidTorrents::0::::0,software-29,software,SolidTorrents,Office português,pt_br,,not_run,unknown_circuit_open,0,0,,,,,,,0,,
software-30::Apibay::0::::0,software-30,software,Apibay,Фотошоп,unicode,on,live,empty,0,0,0,0,,0,2.0,,0,,
software-30::Knaben::0::::0,software-30,software,Knaben,Фотошоп,unicode,auto,live,empty,0,0,0,0,,0,0.484,,0,,
software-30::SolidTorrents::0::::0,software-30,software,SolidTorrents,Фотошоп,unicode,,not_run,unknown_circuit_open,0,0,,,,,,,0,,
software-31::Apibay::0::::0,software-31,software,Apibay,7 zip,punctuation_variant,on,live,empty,0,0,0,0,,0,6.0,,0,,
software-31::Knaben::0::::0,software-31,software,Knaben,7 zip,punctuation_variant,auto,live,results,50,50,3,3,23,0,1.5,1.5,0,,
software-31::SolidTorrents::0::::0,software-31,software,SolidTorrents,7 zip,punctuation_variant,,not_run,unknown_circuit_open,0,0,,,,,,,0,,
software-32::Apibay::0::::0,software-32,software,Apibay,zzqvaudit7f29nonexistent,negative_control,on,live,empty,0,0,0,0,,0,1.203,,0,,
software-32::Knaben::0::::0,software-32,software,Knaben,zzqvaudit7f29nonexistent,negative_control,auto,live,empty,0,0,0,0,,0,1.0,,0,,
software-32::SolidTorrents::0::::0,software-32,software,SolidTorrents,zzqvaudit7f29nonexistent,negative_control,,not_run,unknown_circuit_open,0,0,,,,,,,0,,
